notice_name,document_number,document_date,organization,url,match_reason
宅地造成及び特定盛土等規制法の施行に当たっての留意事項について（技術的助言）,国官参宅第12号クニカンサンタクダイゴウ,2023-05-26,国土交通省都市局 　都市安全課,https://www.mlit.go.jp/notice/noticedata/pdf/20230627/20230620toshi.pdf,strong_accept: 宅地造成 / strong_accept: 盛土
安全上、防火上及び避難上の危険の度並びに衛生上及び市街地の環境の保全上の有害の度に著しい変更を及ぼさない変更を定める件,国土交通省告示第千四百三十八号,2016-12-26,国土交通省住宅局建築指導課,http://www.mlit.go.jp/notice/noticedata/pdf/201704/00006678.pdf,priority_accept_org: 建築指導課
ガス有害性試験不要材料を定める件,国土交通省告示第七百八十五号,2016-05-30,国土交通省住宅局建築指導課,http://www.mlit.go.jp/notice/noticedata/pdf/201703/00006599.pdf,priority_accept_org: 建築指導課
一定の規模以上の空間及び高い開放性を有する通路その他の部分の構造方法を定める件,国土交通省告示第七百八十六号,2016-05-30,国土交通省住宅局建築指導課,http://www.mlit.go.jp/notice/noticedata/pdf/201703/00006600.pdf,priority_accept_org: 建築指導課
防火設備の定期検査報告における検査及び定期点検における点検の項目、事項、方法及び結果の判定基準並びに検査結果表を定める件,国土交通省告示第七百二十三号,2016-05-02,国土交通省住宅局建築指導課,http://www.mlit.go.jp/notice/noticedata/pdf/201703/00006598.pdf,priority_accept_org: 建築指導課
登録特定建築物調査員講習、登録建築設備検査員講習、登録防火設備検査員講習及び登録昇降機等検査員講習に用いる教材の内容として国土交通大臣が定める事項を定める件,国土交通省告示第七百一号,2016-04-22,国土交通省住宅局建築指導課,http://www.mlit.go.jp/notice/noticedata/pdf/201703/00006596.pdf,priority_accept_org: 建築指導課
建築基準法施行規則の規定により建築に関する知識及び経験を有する者として国土交通大臣が定める者を指定する件,国土交通省告示第七百号,2016-04-22,国土交通省住宅局建築指導課,http://www.mlit.go.jp/notice/noticedata/pdf/201703/00006595.pdf,priority_accept_org: 建築指導課
建築基準法施行規則の規定により講義を受講した者と同等以上の知識を有する者として国土交通大臣が定める者及び国土交通大臣が定める科目を定める件,国土交通省告示第七百二号,2016-04-22,国土交通省住宅局建築指導課,http://www.mlit.go.jp/notice/noticedata/pdf/201703/00006597.pdf,priority_accept_org: 建築指導課
床組及び小屋ばり組に木板その他これに類するものを打ち付ける基準を定める件,国土交通省告示第六百九十一号,2016-04-22,国土交通省住宅局建築指導課,http://www.mlit.go.jp/notice/noticedata/pdf/201703/00006586.pdf,priority_accept_org: 建築指導課
建築設備についての検査等と併せて検査等を一体的に行うことが合理的である防火設備を定める件,国土交通省告示第六百九十九号,2016-04-22,国土交通省住宅局建築指導課,http://www.mlit.go.jp/notice/noticedata/pdf/201703/00006594.pdf,priority_accept_org: 建築指導課
通常の火災時において相互に火熱又は煙若しくはガスによる防火上有害な影響を及ぼさない構造方法を定める件,国土交通省告示第六百九十五号,2016-04-22,国土交通省住宅局建築指導課,http://www.mlit.go.jp/notice/noticedata/pdf/201703/00006590.pdf,priority_accept_org: 建築指導課
柱と基礎とを接合する構造方法等を定める件,国土交通省告示第六百九十号,2016-04-22,国土交通省住宅局建築指導課,http://www.mlit.go.jp/notice/noticedata/pdf/201703/00006585.pdf,priority_accept_org: 建築指導課
不燃性の物品を保管する倉庫に類する用途等を定める件,国土交通省告示第六百九十三号,2016-04-22,国土交通省住宅局建築指導課,http://www.mlit.go.jp/notice/noticedata/pdf/201703/00006588.pdf,priority_accept_org: 建築指導課
強化天井の構造方法を定める件,国土交通省告示第六百九十四号,2016-04-22,国土交通省住宅局建築指導課,http://www.mlit.go.jp/notice/noticedata/pdf/201703/00006589.pdf,priority_accept_org: 建築指導課
非常用エレベーターの昇降路又は乗降ロビーの構造方法を定める件,国土交通省告示第六百九十七号,2016-04-22,国土交通省住宅局建築指導課,http://www.mlit.go.jp/notice/noticedata/pdf/201703/00006592.pdf,priority_accept_org: 建築指導課
内装の仕上げを不燃材料ですることその他これに準ずる措置の基準等を定める件,国土交通省告示第六百九十二号,2016-04-22,国土交通省住宅局建築指導課,http://www.mlit.go.jp/notice/noticedata/pdf/201703/00006587.pdf,priority_accept_org: 建築指導課
申請に係る建築物が認定型式に適合する建築物の部分を有するものであることを確認するために必要な図書及び書類を定める件,国土交通省告示第六百九十八号,2016-04-22,国土交通省住宅局建築指導課,http://www.mlit.go.jp/notice/noticedata/pdf/201703/00006593.pdf,priority_accept_org: 建築指導課
特別避難階段の階段室又は付室の構造方法を定める件,国土交通省告示第六百九十六号,2016-04-22,国土交通省住宅局建築指導課,http://www.mlit.go.jp/notice/noticedata/pdf/201703/00006591.pdf,priority_accept_org: 建築指導課
建築基準法施行令第八十一条第二項第一号イ、同項第二号イ又は同条第三項に規定する国土交通大臣が定める基準に従った構造計算によりCLTパネル工法を用いた建築物又は建築物の構造部分の安全性を確かめた場合の構造計算書を定める件,国土交通省告示第六百十二号,2016-04-01,国土交通省住宅局建築指導課,http://www.mlit.go.jp/notice/noticedata/pdf/201703/00006584.pdf,priority_accept_org: 建築指導課
建築基準法第十二条の二第一項第一号に掲げる者と同等以上の専門的知識及び能力を有する者等を定める件,国土交通省告示第四百八十三号,2016-03-09,国土交通省住宅局建築指導課,http://www.mlit.go.jp/notice/noticedata/pdf/201703/00006583.pdf,priority_accept_org: 建築指導課
構造計算適合性判定の業務と同等以上の知識及び能力を要する業務の指定,国土交通省告示第百七十九号,2016-01-29,国土交通省住宅局建築指導課,http://www.mlit.go.jp/notice/noticedata/pdf/201703/00006580.pdf,priority_accept_org: 建築指導課
確認等を要しない人が危害を受けるおそれのある事故が発生するおそれの少ない小荷物専用昇降機を定める件,国土交通省告示第二百三十九号,2016-01-21,国土交通省住宅局建築指導課,http://www.mlit.go.jp/notice/noticedata/pdf/201703/00006581.pdf,priority_accept_org: 建築指導課
定期報告を要しない通常の火災時において避難上著しい支障が生ずるおそれの少ない建築物等を定める件,国土交通省告示第二百四十号,2016-01-21,国土交通省住宅局建築指導課,http://www.mlit.go.jp/notice/noticedata/pdf/201703/00006582.pdf,priority_accept_org: 建築指導課
申請者が工場等において行う試験に立ち会い、又は工場等における指定建築材料の製造、検査若しくは品質管理を実地に確認する必要がある場合及びその費用を定める件,国土交通省告示第千百六十四号,2015-12-01,国土交通省住宅局建築指導課,http://www.mlit.go.jp/notice/noticedata/pdf/201706/00006709.pdf,priority_accept_org: 建築指導課
申請者が工場等において行う試験に立ち会い、又は工場等における指定建築材料の製造、検査若しくは品質管理を実地に確認する必要がある場合及びその費用を定める件,国土交通省告示第千百六十四号,2015-12-01,国土交通省住宅局建築指導課,http://www.mlit.go.jp/notice/noticedata/pdf/201703/00006579.pdf,priority_accept_org: 建築指導課
建築士事務所の開設者が耐震診断及び耐震改修に係る業務に関して請求することのできる報酬の基準,国土交通省告示第六百七十号,2015-05-25,国土交通省住宅局建築指導課,http://www.mlit.go.jp/notice/noticedata/pdf/201703/00006668.pdf,priority_accept_org: 建築指導課
建築基準法第二十七条第一項に規定する特殊建築物の主要構造部の構造方法等を定める件,国土交通省告示第二百五十五号,2015-02-23,国土交通省住宅局建築指導課,http://www.mlit.go.jp/notice/noticedata/pdf/201703/00006431.pdf,priority_accept_org: 建築指導課
壁等の構造方法を定める件,国土交通省告示第二百五十号,2015-02-23,国土交通省住宅局建築指導課,http://www.mlit.go.jp/notice/noticedata/pdf/201703/00006576.pdf,priority_accept_org: 建築指導課
主要構造部を木造とすることができる大規模の建築物の主要構造部の構造方法を定める件,国土交通省告示第二百五十三号,2015-02-23,国土交通省住宅局建築指導課,http://www.mlit.go.jp/notice/noticedata/pdf/201703/00006578.pdf,priority_accept_org: 建築指導課
ひさしその他これに類するものの構造方法を定める件,国土交通省告示第二百五十四号,2015-02-23,国土交通省住宅局建築指導課,http://www.mlit.go.jp/notice/noticedata/pdf/201703/00006577.pdf,priority_accept_org: 建築指導課
建築基準法第七条の六第一項第二号の国土交通大臣が定める基準等を定める件,国土交通省告示第二百四十七号,2015-02-23,国土交通省住宅局建築指導課,http://www.mlit.go.jp/notice/noticedata/pdf/201703/00006575.pdf,priority_accept_org: 建築指導課
建築基準法施行規則第三条の十三第一項第四号の規定に基づき国土交通大臣が定める者を定める件,国土交通省告示第百七十八号,2015-01-29,国土交通省住宅局建築指導課,http://www.mlit.go.jp/notice/noticedata/pdf/201703/00006572.pdf,priority_accept_org: 建築指導課
建築物の張り間方向又は桁行方向の規模又は構造に基づく保有水平耐力計算と同等以上に安全性を確かめることができる構造計算の基準を定める件,国土交通省告示第百八十九号,2015-01-29,国土交通省住宅局建築指導課,http://www.mlit.go.jp/notice/noticedata/pdf/201703/00006574.pdf,priority_accept_org: 建築指導課
構造計算基準に適合する部分の計画を定める件,国土交通省告示第百八十号,2015-01-29,国土交通省住宅局建築指導課,http://www.mlit.go.jp/notice/noticedata/pdf/201703/00006573.pdf,priority_accept_org: 建築指導課
圧縮ガス又は液化ガスを燃料電池又は内燃機関の燃料として用いる自動車にこれらのガスを充填するための設備の基準を定める件,国土交通省告示第千二百三号,2014-12-26,国土交通省住宅局建築指導課,http://www.mlit.go.jp/notice/noticedata/pdf/201703/00006571.pdf,priority_accept_org: 建築指導課
間仕切壁を準耐火構造としないこと等に関して防火上支障がない部分を定める件,国土交通省告示第八百六十号,2014-08-22,国土交通省住宅局建築指導課,http://www.mlit.go.jp/notice/noticedata/pdf/201703/00006570.pdf,priority_accept_org: 建築指導課
建築物の耐震改修の促進に関する法律施行規則第十条第七号の国土交通大臣が定める者及び国土交通大臣が定める科目を定める件,国土交通省告示第千百三十号,2013-11-21,国土交通省住宅局建築指導課,http://www.mlit.go.jp/notice/noticedata/pdf/201703/00006667.pdf,priority_accept_org: 建築指導課
乗用エレベーター及び寝台用エレベーター以外のエレベーターの制御器について安全上支障がない構造方法を定める件,国土交通省告示第千五十一号,2013-10-29,国土交通省住宅局建築指導課,http://www.mlit.go.jp/notice/noticedata/pdf/201703/00006569.pdf,priority_accept_org: 建築指導課
建築物の耐震改修の促進に関する法律施行規則第二十二条第二号（同規則附則第三条において準用する場合を含む。）の規定に基づき国土交通大臣が定める事項を定める件,国土交通省告示第千五十九号,2013-10-29,国土交通省住宅局建築指導課,http://www.mlit.go.jp/notice/noticedata/pdf/201703/00006661.pdf,priority_accept_org: 建築指導課
乗用エレベーター及び寝台用エレベーター以外のエレベーターの昇降路について安全上支障がない構造方法を定める件,国土交通省告示第千五十号,2013-10-29,国土交通省住宅局建築指導課,http://www.mlit.go.jp/notice/noticedata/pdf/201703/00006568.pdf,priority_accept_org: 建築指導課
建築物の耐震改修の促進に関する法律施行規則第五条第一項第二号（同規則附則第三条において準用する場合を含む。）の規定に基づき国土交通大臣が定める者を定める件,国土交通省告示第千五十七号,2013-10-29,国土交通省住宅局建築指導課,http://www.mlit.go.jp/notice/noticedata/pdf/201703/00006659.pdf,priority_accept_org: 建築指導課
建築物の耐震改修の促進に関する法律施行規則第十条第四号の規定に基づき登録資格者講習に用いる教材の内容として国土交通大臣が定める事項を定める件,国土交通省告示第千五十八号,2013-10-29,国土交通省住宅局建築指導課,http://www.mlit.go.jp/notice/noticedata/pdf/201703/00006660.pdf,priority_accept_org: 建築指導課
建築物の耐震改修の促進に関する法律施行規則第五条第一項第一号（同規則附則第三条において準用する場合を含む。）の規定に基づき国土交通大臣が定める要件,国土交通省告示第千五十六号,2013-10-29,国土交通省住宅局建築指導課,http://www.mlit.go.jp/notice/noticedata/pdf/201703/00006658.pdf,priority_accept_org: 建築指導課
地震その他の震動によって遊戯施設の釣合おもりが脱落するおそれがない構造方法を定める件,国土交通省告示第千四十九号,2013-10-29,国土交通省住宅局建築指導課,http://www.mlit.go.jp/notice/noticedata/pdf/201703/00006567.pdf,priority_accept_org: 建築指導課
エレベーターの地震その他の震動に対する構造耐力上の安全性を確かめるための構造計算の基準を定める件,国土交通省告示第千四十七号,2013-10-29,国土交通省住宅局建築指導課,http://www.mlit.go.jp/notice/noticedata/pdf/201703/00006565.pdf,priority_accept_org: 建築指導課
地震その他の震動によってエレベーターの釣合おもりが脱落するおそれがない構造方法を定める件,国土交通省告示第千四十八号,2013-10-29,国土交通省住宅局建築指導課,http://www.mlit.go.jp/notice/noticedata/pdf/201703/00006566.pdf,priority_accept_org: 建築指導課
建築物の耐震改修の促進に関する法律施行規則第二十三条第一項及び第二項の規定に基づき国土交通大臣が定める額を定める件,国土交通省告示第千六十号,2013-10-29,国土交通省住宅局建築指導課,http://www.mlit.go.jp/notice/noticedata/pdf/201703/00006662.pdf,priority_accept_org: 建築指導課
建築物の耐震改修の促進に関する法律施行規則第三十五条第一項第三号の規定に基づき国土交通大臣が定めるものを定める件,国土交通省告示第千六十三号,2013-10-29,国土交通省住宅局建築指導課,http://www.mlit.go.jp/notice/noticedata/pdf/201703/00006664.pdf,priority_accept_org: 建築指導課
建築物の耐震改修の促進に関する法律施行規則第三十三条第一項第二号及び第二項第二号の規定に基づき国土交通大臣が定める書類を定める件,国土交通省告示第千六十四号,2013-10-29,国土交通省住宅局建築指導課,http://www.mlit.go.jp/notice/noticedata/pdf/201703/00006665.pdf,priority_accept_org: 建築指導課
建築物の耐震改修の促進に関する法律第二十二条第二項及び第二十五条第二項の規定に基づき地震に対する安全上耐震関係規定に準ずるものとして定める基準,国土交通省告示第千六十二号,2013-10-29,国土交通省住宅局建築指導課,http://www.mlit.go.jp/notice/noticedata/pdf/201703/00006663.pdf,priority_accept_org: 建築指導課
建築物の耐震改修の促進に関する法律施行令附則第二条第一項第一号の規定に基づき国土交通大臣が定める危険物及び国土交通大臣が定める距離を定める件,国土交通省告示第千六十六号,2013-10-29,国土交通省住宅局建築指導課,http://www.mlit.go.jp/notice/noticedata/pdf/201703/00006666.pdf,priority_accept_org: 建築指導課
鉄筋コンクリート造の柱の構造耐力上の安全性を確かめるための構造計算の基準を定める件,国土交通省告示第四百三十三号,2011-04-27,国土交通省住宅局建築指導課,http://www.mlit.go.jp/notice/noticedata/pdf/201703/00006564.pdf,priority_accept_org: 建築指導課
エレベーターの駆動装置及び制御器が地震その他の震動によって転倒し又は移動するおそれがない方法を定める件,国土交通省告示第七百三号,2009-07-06,国土交通省住宅局建築指導課,http://www.mlit.go.jp/notice/noticedata/pdf/201703/00006563.pdf,priority_accept_org: 建築指導課
滑節構造とした接合部が地震その他の震動によって外れるおそれがない構造方法を定める件,国土交通省告示第六百二十一号,2009-06-08,国土交通省住宅局建築指導課,http://www.mlit.go.jp/notice/noticedata/pdf/201703/00006561.pdf,priority_accept_org: 建築指導課
滑車を使用して客席部分を吊る遊戯施設が地震その他の震動によって索が滑車から外れるおそれがない構造方法を定める件,国土交通省告示第六百二十二号,2009-06-08,国土交通省住宅局建築指導課,http://www.mlit.go.jp/notice/noticedata/pdf/201703/00006562.pdf,priority_accept_org: 建築指導課
滑節構造とした接合部が地震その他の震動によって外れるおそれがない構造方法を定める件,国土交通省告示第五百四十一号,2009-05-14,国土交通省住宅局建築指導課,http://www.mlit.go.jp/notice/noticedata/pdf/201703/00006560.pdf,priority_accept_org: 建築指導課
準不燃材料でした内装の仕上げに準ずる仕上げを定める件,国土交通省告示第二百二十五号,2009-02-27,国土交通省住宅局建築指導課,http://www.mlit.go.jp/notice/noticedata/pdf/201703/00006430.pdf,priority_accept_org: 建築指導課
建築物の耐震改修の促進に関する法律第三十二条に規定する耐震改修支援センターの指定の基準に関する詳細を定める件,国土交通省告示第二百十七号,2009-02-26,国土交通省住宅局建築指導課,http://www.mlit.go.jp/notice/noticedata/pdf/201703/00006657.pdf,priority_accept_org: 建築指導課
建築士事務所の開設者がその業務に関して請求することのできる報酬の基準,国土交通省告示第十五号,2009-01-07,国土交通省住宅局建築指導課,http://www.mlit.go.jp/notice/noticedata/pdf/201703/00006656.pdf,priority_accept_org: 建築指導課
地震その他の衝撃により生じた国土交通大臣が定める加速度並びに当該加速度を検知し、自動的に、かごを昇降路の出入口の戸の位置に停止させ、かつ、当該かごの出入口の戸及び昇降路の出入口の戸を開き、又はかご内の人がこれらの戸を開くことができることとする装置の構造方法を定める件,国土交通省告示第千五百三十六号,2008-12-26,国土交通省住宅局建築指導課,http://www.mlit.go.jp/notice/noticedata/pdf/201703/00006559.pdf,priority_accept_org: 建築指導課
滑車を使用してかごを吊るエレベーターが地震その他の震動によって索が滑車から外れるおそれがない構造方法を定める件,国土交通省告示第千四百九十八号,2008-12-22,国土交通省住宅局建築指導課,http://www.mlit.go.jp/notice/noticedata/pdf/201703/00006558.pdf,priority_accept_org: 建築指導課
建築基準法施行令第百二十九条の七第五号イ（2）の国土交通大臣が定める措置を定める件,国土交通省告示第千四百九十五号,2008-12-19,国土交通省住宅局建築指導課,http://www.mlit.go.jp/notice/noticedata/pdf/201703/00006557.pdf,priority_accept_org: 建築指導課
滑節構造とした接合部が地震その他の震動によって外れるおそれがない構造方法を定める件,国土交通省告示第千四百九十四号,2008-12-19,国土交通省住宅局建築指導課,http://www.mlit.go.jp/notice/noticedata/pdf/201703/00006556.pdf,priority_accept_org: 建築指導課
かご内の人又は物による衝撃に対して安全なかごの各部の構造方法及びかご内の人又は物がかご外の物に触れるおそれのないかごの壁又は囲い及び出入口の戸の基準を定める件,国土交通省告示第千四百五十五号,2008-12-10,国土交通省住宅局建築指導課,http://www.mlit.go.jp/notice/noticedata/pdf/201703/00006555.pdf,priority_accept_org: 建築指導課
昇降路外の人又は物がかご又は釣合おもりに触れるおそれのない壁又は囲い及び出入口の戸の基準を定める件,国土交通省告示第千四百五十四号,2008-12-10,国土交通省住宅局建築指導課,http://www.mlit.go.jp/notice/noticedata/pdf/201703/00006554.pdf,priority_accept_org: 建築指導課
昇降路外の人又は物が昇降路内に落下するおそれのない昇降路の出入口の戸の施錠装置の基準を定める件,国土交通省告示第千四百四十七号,2008-12-09,国土交通省住宅局建築指導課,http://www.mlit.go.jp/notice/noticedata/pdf/201703/00006553.pdf,priority_accept_org: 建築指導課
小荷物専用昇降機の昇降路外の人又は物がかご又は釣合おもりに触れるおそれのない壁又は囲い及び出し入れ口の戸の基準を定める件,国土交通省告示第千四百四十六号,2008-12-09,国土交通省住宅局建築指導課,http://www.mlit.go.jp/notice/noticedata/pdf/201703/00006552.pdf,priority_accept_org: 建築指導課
建築士法に基づく中央指定登録機関等に関する省令第二十八条第九号の規定に基づき、講義を受講した者又は修了考査に合格した者と同等以上の知識を有する者として国土交通大臣が定める者及び講義又は修了考査のうち国土交通大臣が定める科目を定める件,国土交通省告示第千四百二十八号,2008-11-28,国土交通省住宅局建築指導課,http://www.mlit.go.jp/notice/noticedata/pdf/201703/00006655.pdf,priority_accept_org: 建築指導課
建築士法施行規則第十条第一項第六号の国土交通大臣が定める実務を定める件,国土交通省告示第千三十三号,2008-09-02,国土交通省住宅局建築指導課,http://www.mlit.go.jp/notice/noticedata/pdf/201703/00006654.pdf,priority_accept_org: 建築指導課
建築士法に基づく中央指定登録機関等に関する省令第二十八条第二号の規定に基づき国土交通大臣が定める講義内容及び講義時間を定める件,国土交通省告示第八百八十一号,2008-07-15,国土交通省住宅局建築指導課,http://www.mlit.go.jp/notice/noticedata/pdf/201703/00006651.pdf,priority_accept_org: 建築指導課
建築士法に基づく中央指定登録機関等に関する省令第四十二条第二号の規定に基づき国土交通大臣が定める講義内容及び講義時間を定める件,国土交通省告示第八百八十三号,2008-07-15,国土交通省住宅局建築指導課,http://www.mlit.go.jp/notice/noticedata/pdf/201703/00006653.pdf,priority_accept_org: 建築指導課
建築士法に基づく中央指定登録機関等に関する省令第三十九条第二号の規定に基づき国土交通大臣が定める講義内容及び講義時間を定める件,国土交通省告示第八百八十二号,2008-07-15,国土交通省住宅局建築指導課,http://www.mlit.go.jp/notice/noticedata/pdf/201703/00006652.pdf,priority_accept_org: 建築指導課
建築士法第十四条第二号の国土交通大臣の指定する建築に関する科目を定める件,国土交通省告示第七百四十一号,2008-06-16,国土交通省住宅局建築指導課,http://www.mlit.go.jp/notice/noticedata/pdf/201703/00006646.pdf,priority_accept_org: 建築指導課
建築士法第十四条第一号から第四号までと同等以上の知識及び技能を有する者を定める件,国土交通省告示第七百四十五号,2008-06-16,国土交通省住宅局建築指導課,http://www.mlit.go.jp/notice/noticedata/pdf/201703/00006650.pdf,priority_accept_org: 建築指導課
建築士法第十四条第一号の国土交通大臣の指定する建築に関する科目を定める件,国土交通省告示第七百四十号,2008-06-16,国土交通省住宅局建築指導課,http://www.mlit.go.jp/notice/noticedata/pdf/201703/00006645.pdf,priority_accept_org: 建築指導課
建築士法第十五条第一号の国土交通大臣の指定する建築に関する科目を定める件,国土交通省告示第七百四十三号,2008-06-16,国土交通省住宅局建築指導課,http://www.mlit.go.jp/notice/noticedata/pdf/201703/00006648.pdf,priority_accept_org: 建築指導課
建築士法第十五条第二号の国土交通大臣の指定する建築に関する科目を定める件,国土交通省告示第七百四十四号,2008-06-16,国土交通省住宅局建築指導課,http://www.mlit.go.jp/notice/noticedata/pdf/201703/00006649.pdf,priority_accept_org: 建築指導課
建築士法第十四条第三号の国土交通大臣の指定する建築に関する科目を定める件,国土交通省告示第七百四十二号,2008-06-16,国土交通省住宅局建築指導課,http://www.mlit.go.jp/notice/noticedata/pdf/201703/00006647.pdf,priority_accept_org: 建築指導課
建築設備（昇降機を除く。）の定期検査報告における検査及び定期点検における点検の項目、事項、方法及び結果の判定基準並びに検査結果表を定める件,国土交通省告示第二百八十五号,2008-03-10,国土交通省住宅局建築指導課,http://www.mlit.go.jp/notice/noticedata/pdf/201706/00006706.pdf,priority_accept_org: 建築指導課
昇降機の定期検査報告における検査及び定期点検における点検の項目、事項、方法及び結果の判定基準並びに検査結果表を定める件,国土交通省告示第二百八十三号,2008-03-10,国土交通省住宅局建築指導課,http://www.mlit.go.jp/notice/noticedata/pdf/201706/00006708.pdf,priority_accept_org: 建築指導課
遊戯施設の定期検査報告における検査及び定期点検における点検の項目、事項、方法及び結果の判定基準並びに検査結果表を定める件,国土交通省告示第二百八十四号,2008-03-10,国土交通省住宅局建築指導課,http://www.mlit.go.jp/notice/noticedata/pdf/201703/00006550.pdf,priority_accept_org: 建築指導課
建築物の定期調査報告における調査及び定期点検における点検の項目、方法及び結果の判定基準並びに調査結果表を定める件,国土交通省告示第二百八十二号,2008-03-10,国土交通省住宅局建築指導課,http://www.mlit.go.jp/notice/noticedata/pdf/201703/00006549.pdf,priority_accept_org: 建築指導課
建築物の張り間方向又はけた行方向の規模又は構造に基づく許容応力度等計算と同等以上に安全性を確かめることができる構造計算の基準を定める件,国土交通省告示第千二百七十四号,2007-10-05,国土交通省住宅局建築指導課,http://www.mlit.go.jp/notice/noticedata/pdf/201703/00006548.pdf,priority_accept_org: 建築指導課
建築基準法施行令第十条第三号ロ及び第四号ロの国土交通大臣の指定する基準を定める件,国土交通省告示第千百十九号,2007-08-22,国土交通省住宅局建築指導課,http://www.mlit.go.jp/notice/noticedata/pdf/201703/00006547.pdf,priority_accept_org: 建築指導課
建築基準法施行令第八十二条各号及び同令第八十二条の四に定めるところによる構造計算と同等以上に安全性を確かめることができる構造計算の基準を定める件,国土交通省告示第八百三十二号,2007-06-19,国土交通省住宅局建築指導課,http://www.mlit.go.jp/notice/noticedata/pdf/201703/00006546.pdf,priority_accept_org: 建築指導課
構造耐力上主要な部分である床版又は屋根版に軽量気泡コンクリートパネルを用いる場合における当該床版又は屋根版の構造方法に関する安全上必要な技術的基準を定める件,国土交通省告示第五百九十九号,2007-05-18,国土交通省住宅局建築指導課,http://www.mlit.go.jp/notice/noticedata/pdf/201703/00006545.pdf,priority_accept_org: 建築指導課
建築基準法施行令第三十六条の二第五号の国土交通大臣が指定する建築物を定める件,国土交通省告示第五百九十三号,2007-05-18,国土交通省住宅局建築指導課,http://www.mlit.go.jp/notice/noticedata/pdf/201703/00006544.pdf,priority_accept_org: 建築指導課
建築物の構造方法が安全性を有することを確かめるための構造計算の方法を定める件,国土交通省告示第五百九十二号,2007-05-18,国土交通省住宅局建築指導課,http://www.mlit.go.jp/notice/noticedata/pdf/201703/00006543.pdf,priority_accept_org: 建築指導課
都市の秩序ある整備を図るための都市計画法等の一部を改正する法律による都市計画法等及び建築基準法の一部改正について（技術的助言）,国住街第一六一号,2006-11-06,国土交通省住宅局市街地建築課,http://www.mlit.go.jp/notice/noticedata/pdf/200612/00004783.pdf,strong_accept: 建築基準法 / strong_accept: 都市計画法
宅地造成等規制法等の改正について（技術的助言）,国都開第一二号,2006-09-29,国土交通省都市・地域整備局開発企画調査室,http://www.mlit.go.jp/notice/noticedata/pdf/200612/00004781.pdf,strong_accept: 宅地造成
建築材料から石綿を飛散させるおそれがないものとして石綿が添加された建築材料を被覆し又は添加された石綿を建築材料に固着する措置について国土交通大臣が定める基準を定める件,国土交通省告示第千百七十三号,2006-09-29,国土交通省住宅局建築指導課,http://www.mlit.go.jp/notice/noticedata/pdf/201703/00006542.pdf,priority_accept_org: 建築指導課
石綿等をあらかじめ添加した建築材料で石綿等を飛散又は発散させるおそれがないものを定める件,国土交通省告示第千百七十二号,2006-09-26,国土交通省住宅局建築指導課,http://www.mlit.go.jp/notice/noticedata/pdf/201703/00006541.pdf,priority_accept_org: 建築指導課
容積率制限に係る特例制度の活用について,国住街第二九二号,2006-03-29,国土交通省住宅局市街地建築課,http://www.mlit.go.jp/notice/noticedata/pdf/200701/00004792.pdf,strong_accept: 容積率
住宅紛争処理の参考となるべき技術的基準,国土交通省告示第308号,2006-02-23,国土交通省住宅局　参事官（住宅瑕疵担保対策担当）付コクドコウツウショウ,https://www.mlit.go.jp/notice/noticedata/pdf/20230530/00220230526.docx,strong_accept: 住宅瑕疵担保
建築行政の的確な執行体制の確保について,国住指第二七四三号,2006-02-01,国土交通省住宅局建築指導課,http://www.mlit.go.jp/notice/noticedata/pdf/200603/00004730.pdf,priority_accept_org: 建築指導課
建築物の耐震改修の促進に関する法律第十七条第三項第一号の規定に基づき地震に対する安全上耐震関係規定に準ずるものとして定める基準,国土交通省告示第百八十五号,2006-01-25,国土交通省住宅局建築指導課,http://www.mlit.go.jp/notice/noticedata/pdf/201703/00006644.pdf,priority_accept_org: 建築指導課
建築物の耐震診断及び耐震改修の促進を図るための基本的な方針,国土交通省告示第百八十四号,2006-01-25,国土交通省住宅局建築指導課,http://www.mlit.go.jp/notice/noticedata/pdf/201703/00006643.pdf,priority_accept_org: 建築指導課
昇降機の昇降路内に設けることができる配管設備の構造方法を定める件,国土交通省告示第五百七十号,2005-06-01,国土交通省住宅局建築指導課,http://www.mlit.go.jp/notice/noticedata/pdf/201703/00006540.pdf,priority_accept_org: 建築指導課
建築物の倒壊及び崩落、屋根ふき材、特定天井、外装材及び屋外に面する帳壁の脱落並びにエレベーターの籠の落下及びエスカレーターの脱落のおそれがない建築物の構造方法に関する基準並びに建築物の基礎の補強に関する基準を定める件,国土交通省告示第五百六十六号,2005-06-01,国土交通省住宅局建築指導課,http://www.mlit.go.jp/notice/noticedata/pdf/201703/00006539.pdf,priority_accept_org: 建築指導課
建築基準法施行令第百三十条の九の四第二号ロの規定により国土交通大臣が定める基準,国土交通省告示第三百五十九号,2005-03-29,国土交通省住宅局建築指導課,http://www.mlit.go.jp/notice/noticedata/pdf/201703/00006538.pdf,priority_accept_org: 建築指導課
煙突の上又は周囲にたまるほこりを煙突内の廃ガスその他の生成物の熱により燃焼させない煙突の小屋裏、天井裏、床裏等にある部分の構造方法を定める件,国土交通省告示第千百六十八号,2004-09-29,国土交通省住宅局建築指導課,http://www.mlit.go.jp/notice/noticedata/pdf/201703/00006536.pdf,priority_accept_org: 建築指導課
土地区画整理補助事業の実施細目の改正について,国都市第八五号,2003-06-10,国土交通省都市・地域整備局市街地整備課長通知,http://www.mlit.go.jp/notice/noticedata/sgml/044/77000137/77000137.html,strong_accept: 土地区画整理
土地区画整理補助事業の執行について,国都市第六七号,2003-05-27,国土交通省都市・地域整備局長通知,http://www.mlit.go.jp/notice/noticedata/sgml/044/77000136/77000136.html,strong_accept: 土地区画整理
鉄筋コンクリート組積造の建築物又は建築物の構造部分の構造方法に関する安全上必要な技術的基準を定める件,国土交通省告示第四百六十三号,2003-04-28,国土交通省住宅局建築指導課,http://www.mlit.go.jp/notice/noticedata/pdf/201703/00006535.pdf,priority_accept_org: 建築指導課
土地区画整理事業の測量成果の国土調査法第一九条第五項の指定等について,国都市第五三七号,2003-04-08,国土交通省都市・地域整備局市街地整備課長通知,http://www.mlit.go.jp/notice/noticedata/sgml/044/77000135/77000135.html,strong_accept: 土地区画整理
建築物の開口部で採光に有効な部分の面積の算定方法で別に定めるものを定める件,国土交通省告示第三百三号,2003-03-28,国土交通省住宅局建築指導課,http://www.mlit.go.jp/notice/noticedata/pdf/201703/00006534.pdf,priority_accept_org: 建築指導課
土地区画整理法施行規則第十七条の規定に基づく国土交通大臣が定める手数料の額,国土交通省告示第二百七十九号,2003-03-28,国土交通省,http://www.mlit.go.jp/notice/noticedata/sgml/2003/21aa4623/21aa4623.html,strong_accept: 土地区画整理
高齢者、身体障害者等が円滑に利用できる特定建築物の建築の促進に関する法律第十五条の規定に基づく国土交通大臣が高齢者、身体障害者等の円滑な利用を確保する上で有効と認めて定める基準,国土交通省告示第二百七十五号,2003-03-27,国土交通省,http://www.mlit.go.jp/notice/noticedata/sgml/2003/26aa4612/26aa4612.html,priority_accept_keyword: 身体障害者 / priority_accept_keyword: 高齢者、身体障害者
ホルムアルデヒドの発散による衛生上の支障がないようにするために必要な換気を確保することができる居室の構造方法を定める件,国土交通省告示第二百七十三号,2003-03-27,国土交通省住宅局建築指導課,http://www.mlit.go.jp/notice/noticedata/pdf/201703/00006532.pdf,priority_accept_org: 建築指導課
ホルムアルデヒドの発散による衛生上の支障がないようにするために必要な換気を確保することができる換気設備の構造方法を定める件,国土交通省告示第二百七十四号,2003-03-27,国土交通省住宅局建築指導課,http://www.mlit.go.jp/notice/noticedata/pdf/201703/00006533.pdf,priority_accept_org: 建築指導課
高齢者、身体障害者等が円滑に利用できる特定建築物の建築の促進に関する法律施行規則の規定により視覚障害者の利用上支障がない昇降機及び乗降ロビーを定める件,国土交通省告示第二百六十五号,2003-03-25,国土交通省,http://www.mlit.go.jp/notice/noticedata/sgml/2003/26aa4596/26aa4596.html,priority_accept_keyword: 身体障害者 / priority_accept_keyword: 高齢者、身体障害者
高齢者、身体障害者等が円滑に利用できる特定建築物の建築の促進に関する法律施行規則の規定により視覚障害者の利用上支障がない廊下等の部分等を定める件,国土交通省告示第二百六十三号,2003-03-25,国土交通省,http://www.mlit.go.jp/notice/noticedata/sgml/2003/26aa4594/26aa4594.html,priority_accept_keyword: 身体障害者 / priority_accept_keyword: 高齢者、身体障害者
高齢者、身体障害者等が円滑に利用できる特定建築物の建築の促進に関する法律施行規則の規定により車いす使用者の利用上支障がない廊下等の部分等を定める件,国土交通省告示第二百六十四号,2003-03-25,国土交通省,http://www.mlit.go.jp/notice/noticedata/sgml/2003/26aa4595/26aa4595.html,priority_accept_keyword: 身体障害者 / priority_accept_keyword: 車いす / priority_accept_keyword: 高齢者、身体障害者
車いす使用者用浴室等の構造を定める件,国土交通省告示第二百六十七号,2003-03-25,国土交通省,http://www.mlit.go.jp/notice/noticedata/sgml/2003/26aa4598/26aa4598.html,priority_accept_keyword: 車いす
高齢者、身体障害者等が円滑に利用できる特定建築物の建築の促進に関する法律施行規則の規定により車いす使用者が円滑に利用することができる特殊な構造又は使用形態の昇降機の構造を定める件,国土交通省告示第二百六十六号,2003-03-25,国土交通省,http://www.mlit.go.jp/notice/noticedata/sgml/2003/26aa4597/26aa4597.html,priority_accept_keyword: 身体障害者 / priority_accept_keyword: 車いす / priority_accept_keyword: 高齢者、身体障害者
高齢者、身体障害者等が円滑に利用できる特定建築物の建築の促進に関する法律施行令の規定により視覚障害者の利用上支障がない廊下等の部分等を定める件,国土交通省告示第百七十五号,2003-03-06,国土交通省,http://www.mlit.go.jp/notice/noticedata/sgml/2003/26aa4495/26aa4495.html,priority_accept_keyword: 身体障害者 / priority_accept_keyword: 高齢者、身体障害者
高齢者、身体障害者等が円滑に利用できる特定建築物の建築の促進に関する法律施行令の規定により視覚障害者の利用上支障がない昇降機及び乗降ロビーを定める件,国土交通省告示第百七十七号,2003-03-06,国土交通省,http://www.mlit.go.jp/notice/noticedata/sgml/2003/26aa4497/26aa4497.html,priority_accept_keyword: 身体障害者 / priority_accept_keyword: 高齢者、身体障害者
高齢者、身体障害者等が円滑に利用できる特定建築物の建築の促進に関する法律施行令の規定により車いす使用者が円滑に利用することができる特殊な構造又は使用形態の昇降機の構造を定める件,国土交通省告示第百七十八号,2003-03-06,国土交通省,http://www.mlit.go.jp/notice/noticedata/sgml/2003/26aa4498/26aa4498.html,priority_accept_keyword: 身体障害者 / priority_accept_keyword: 車いす / priority_accept_keyword: 高齢者、身体障害者
車いす使用者用便房の構造を定める件,国土交通省告示第百七十六号,2003-03-06,国土交通省,http://www.mlit.go.jp/notice/noticedata/sgml/2003/26aa4496/26aa4496.html,priority_accept_keyword: 車いす
建築基準法等の一部を改正する法律の一部の施行について,国住街第一一〇号,2002-12-27,住宅局長通知,http://www.mlit.go.jp/notice/noticedata/sgml/106/81000296/81000296.html,strong_accept: 建築基準法
第三種ホルムアルデヒド発散建築材料を定める件,国土交通省告示第千百十五号,2002-12-26,国土交通省住宅局建築指導課,http://www.mlit.go.jp/notice/noticedata/pdf/201703/00006530.pdf,priority_accept_org: 建築指導課
第一種ホルムアルデヒド発散建築材料を定める件,国土交通省告示第千百十三号,2002-12-26,国土交通省住宅局建築指導課,http://www.mlit.go.jp/notice/noticedata/pdf/201703/00006528.pdf,priority_accept_org: 建築指導課
第二種ホルムアルデヒド発散建築材料を定める件,国土交通省告示第千百十四号,2002-12-26,国土交通省住宅局建築指導課,http://www.mlit.go.jp/notice/noticedata/pdf/201703/00006529.pdf,priority_accept_org: 建築指導課
クロルピリホスを発散させるおそれがない建築材料を定める件,国土交通省告示第千百十二号,2002-12-26,国土交通省住宅局建築指導課,http://www.mlit.go.jp/notice/noticedata/pdf/201703/00006527.pdf,priority_accept_org: 建築指導課
身体障害者補助犬法の施行について,国自旅第一三一号,2002-10-01,国土交通省自動車交通局旅客課長,http://www.mlit.go.jp/notice/noticedata/sgml/114/82000207/82000207.html,priority_accept_keyword: 身体障害者
国土交通省土地区画整理事業測量作業規程及び同運用基準について,国都市第一三八号,2002-08-14,国土交通省都市・地域整備局市街地整備課長通知,http://www.mlit.go.jp/notice/noticedata/sgml/044/77000134/77000134.html,strong_accept: 土地区画整理
膜構造の建築物又は建築物の構造部分の構造方法に関する安全上必要な技術的基準を定める等の件,国土交通省告示第六百六十六号,2002-07-23,国土交通省住宅局建築指導課,http://www.mlit.go.jp/notice/noticedata/pdf/201703/00006526.pdf,priority_accept_org: 建築指導課
特定畜舎等建築物の構造方法に関する安全上必要な技術的基準を定める等の件,国土交通省告示第四百七十四号,2002-05-29,国土交通省住宅局建築指導課,http://www.mlit.go.jp/notice/noticedata/pdf/201703/00006525.pdf,priority_accept_org: 建築指導課
構造耐力上主要な部分にシステムトラスを用いる場合における当該構造耐力上主要な部分の構造方法に関する安全上必要な技術的基準を定める件,国土交通省告示第四百六十三号,2002-05-27,国土交通省住宅局建築指導課,http://www.mlit.go.jp/notice/noticedata/pdf/201703/00006523.pdf,priority_accept_org: 建築指導課
コンクリート充填鋼管造の建築物又は建築物の構造部分の構造方法に関する安全上必要な技術的基準を定める件,国土交通省告示第四百六十四号,2002-05-27,国土交通省住宅局建築指導課,http://www.mlit.go.jp/notice/noticedata/pdf/201703/00006524.pdf,priority_accept_org: 建築指導課
丸太組構法を用いた建築物又は建築物の構造部分の構造方法に関する安全上必要な技術的基準を定める件,国土交通省告示第四百十一号,2002-05-15,国土交通省住宅局建築指導課,http://www.mlit.go.jp/notice/noticedata/pdf/201703/00006522.pdf,priority_accept_org: 建築指導課
アルミニウム合金造の建築物又は建築物の構造部分の構造方法に関する安全上必要な技術的基準を定める件,国土交通省告示第四百十号,2002-05-14,国土交通省住宅局建築指導課,http://www.mlit.go.jp/notice/noticedata/pdf/201703/00006521.pdf,priority_accept_org: 建築指導課
構造耐力上主要な部分である床版又は屋根版にデッキプレート版を用いる場合における当該床版又は屋根版の構造方法に関する安全上必要な技術的基準を定める件,国土交通省告示第三百二十六号,2002-04-16,国土交通省住宅局建築指導課,http://www.mlit.go.jp/notice/noticedata/pdf/201703/00006520.pdf,priority_accept_org: 建築指導課
都市再開発関連公共施設整備促進事業に係る再評価実施要領細目及び新規事業採択時評価要領実施細目について,国住街第二八六号,2002-04-01,都市・地域整備局長、住宅局長通知,http://www.mlit.go.jp/notice/noticedata/sgml/046/77000214/77000214.html,strong_accept: 都市再開発
建設業者の会社分割に係る建設業法上の事務取扱いの円滑化等について,国総建第七九号,2002-03-29,総合政策局建設業課長通知,http://www.mlit.go.jp/notice/noticedata/sgml/006/74000167/74000167.html,strong_accept: 建設業法
土地区画整理事業運用指針,国都市第三八一号,2001-12-26,国土交通省都市・地域整備局長通知,http://www.mlit.go.jp/notice/noticedata/sgml/044/77000138/77000138.html,strong_accept: 土地区画整理
薄板軽量形鋼造の建築物又は建築物の構造部分の構造方法に関する安全上必要な技術的基準を定める等の件,国土交通省告示第千六百四十一号,2001-11-15,国土交通省住宅局建築指導課,http://www.mlit.go.jp/notice/noticedata/pdf/201703/00006519.pdf,priority_accept_org: 建築指導課
構造耐力上主要な部分である壁及び床版に、枠組壁工法により設けられるものを用いる場合における技術的基準に適合する当該壁及び床版の構造方法を定める件,国土交通省告示第千五百四十一号,2001-10-15,国土交通省住宅局建築指導課,http://www.mlit.go.jp/notice/noticedata/pdf/201703/00006518.pdf,priority_accept_org: 建築指導課
枠組壁工法又は木質プレハブ工法を用いた建築物又は建築物の構造部分の構造方法に関する安全上必要な技術的基準を定める件,国土交通省告示第千五百四十号,2001-10-15,国土交通省住宅局建築指導課,http://www.mlit.go.jp/notice/noticedata/pdf/201703/00006517.pdf,priority_accept_org: 建築指導課
都市緑地保全法等の一部改正について,国都公緑第一四四号,2001-08-24,国土交通省都市・地域整備局公園緑地課長通知,http://www.mlit.go.jp/notice/noticedata/sgml/035/76000243/76000243.html,strong_accept: 都市緑地
建築基準法施行令第七十九条第一項の規定を適用しない鉄筋コンクリート造の部材及び同令第七十九条の三第一項の規定を適用しない鉄骨鉄筋コンクリート造の部材の構造方法を定める件,国土交通省告示第千三百七十二号,2001-08-21,国土交通省住宅局建築指導課,http://www.mlit.go.jp/notice/noticedata/pdf/201703/00006516.pdf,priority_accept_org: 建築指導課
日本住宅性能表示基準,国土交通省告示第千三百四十六号,2001-08-14,国土交通省,http://www.mlit.go.jp/notice/noticedata/sgml/2001/26aa2671/26aa2671.html,strong_accept: 住宅性能表示
都市緑地保全法運用指針,,2001-08-01,,http://www.mlit.go.jp/notice/noticedata/sgml/035/76000247/76000247.html,strong_accept: 都市緑地
病院の建替えと容積率制限等に係る特例制度の運用について,国住街第五七号,2001-07-06,住宅局長通知,http://www.mlit.go.jp/notice/noticedata/sgml/106/81000295/81000295.html,strong_accept: 容積率
壁式ラーメン鉄筋コンクリート造の建築物又は建築物の構造部分の構造方法に関する安全上必要な技術的基準を定める等の件,国土交通省告示第千二十五号,2001-06-12,国土交通省住宅局建築指導課,http://www.mlit.go.jp/notice/noticedata/pdf/201703/00006514.pdf,priority_accept_org: 建築指導課
壁式鉄筋コンクリート造の建築物又は建築物の構造部分の構造方法に関する安全上必要な技術的基準を定める件,国土交通省告示第千二十六号,2001-06-12,国土交通省住宅局建築指導課,http://www.mlit.go.jp/notice/noticedata/pdf/201703/00006515.pdf,priority_accept_org: 建築指導課
宅地造成等規制法の施行にあたっての留意事項について,国総民発第七号,2001-05-24,国土交通省総合政策局民間宅地指導室長通知,http://www.mlit.go.jp/notice/noticedata/sgml/002/74000032/74000032.html,strong_accept: 宅地造成
都市計画法及び建築基準法の一部を改正する法律等の施行について,国住街第四〇号,2001-05-15,住宅局長通知,http://www.mlit.go.jp/notice/noticedata/sgml/106/81000294/81000294.html,strong_accept: 建築基準法 / strong_accept: 都市計画法
都市計画法施行令第十二条第二号及び第三号の規定に基づく国土交通大臣が指定する都市計画区域,国土交通省告示第八百五十六号,2001-05-11,国土交通省,http://www.mlit.go.jp/notice/noticedata/sgml/2001/21aa2450/21aa2450.html,strong_accept: 都市計画法
開発許可制度運用指針,国総民第九号,2001-05-02,国土交通省総合政策局長通知,http://www.mlit.go.jp/notice/noticedata/sgml/030/76000096/76000096.html,strong_accept: 開発許可
土砂災害特別警戒区域内における居室を有する建築物の外壁等の構造方法並びに当該構造方法を用いる外壁等と同等以上の耐力を有する門又は塀の構造方法を定める件,国土交通省告示第三百八十三号,2001-03-30,国土交通省住宅局建築指導課,http://www.mlit.go.jp/notice/noticedata/pdf/201703/00006513.pdf,priority_accept_org: 建築指導課
建築士法施行規則第十七条の十八の規定に基づき国土交通大臣が定める要件,国土交通省告示第四百二十号,2001-03-30,国土交通省住宅局建築指導課,http://www.mlit.go.jp/notice/noticedata/pdf/201703/00006642.pdf,priority_accept_org: 建築指導課
建築基準法施行令第十四条第一号又は第二号に該当する者と同等以上の建築行政に関する知識及び能力を有すると認めたもの,国土交通省告示第三百六十一号,2001-03-29,国土交通省住宅局建築指導課,http://www.mlit.go.jp/notice/noticedata/pdf/201703/00006512.pdf,priority_accept_org: 建築指導課
地下貯槽により貯蔵される液化石油ガスの貯蔵又は処理に供する建築物に係る建築基準法第四八条第四項から第一〇項までの規定に関する許可の運用について,国住街第二〇五号,2001-03-23,住宅局市街地建築課長通知,http://www.mlit.go.jp/notice/noticedata/sgml/106/81000292/81000292.html,strong_accept: 建築基準法
建築基準法の規定に基づく国土交通大臣の承認の基準について,国住街第八四号,2001-02-19,住宅局長通知,http://www.mlit.go.jp/notice/noticedata/sgml/105/81000290/81000290.html,strong_accept: 建築基準法
建築基準法の規定に基づく国土交通大臣の承認の基準について,国住街第八四—二号,2001-02-19,住宅局長通知,http://www.mlit.go.jp/notice/noticedata/sgml/105/81000291/81000291.html,strong_accept: 建築基準法
建築工事監理業務委託共通仕様書の制定について,国営技第六号,2001-02-15,大臣官房官庁営繕部長通知,http://www.mlit.go.jp/notice/noticedata/sgml/011/74000301/74000301.html,strong_accept: 工事監理
建築工事監理業務委託の基本方針について,国営計第二九号,2001-02-15,官庁営繕部営繕計画課長通知,http://www.mlit.go.jp/notice/noticedata/sgml/010/74000300/74000300.html,strong_accept: 工事監理
建築工事監理業務委託契約書の運用基準の制定について,国官地第三—三号,2001-02-15,官房長通知,http://www.mlit.go.jp/notice/noticedata/sgml/010/74000299/74000299.html,strong_accept: 工事監理
建築工事監理業務委託契約書の制定について,国官地第三—二号,2001-02-15,事務次官通知,http://www.mlit.go.jp/notice/noticedata/sgml/010/74000298/74000298.html,strong_accept: 工事監理
鋼材等及び溶接部の許容応力度並びに材料強度の基準強度を定める件,建設省告示第二千四百六十四号,2000-12-26,国土交通省住宅局建築指導課,http://www.mlit.go.jp/notice/noticedata/pdf/201703/00006510.pdf,priority_accept_org: 建築指導課
高力ボルトの基準張力、引張接合部の引張りの許容応力度及び材料強度の基準強度を定める件,建設省告示第二千四百六十六号,2000-12-26,国土交通省住宅局建築指導課,http://www.mlit.go.jp/notice/noticedata/pdf/201703/00006511.pdf,priority_accept_org: 建築指導課
免震建築物の構造方法に関する安全上必要な技術的基準を定める等の件,建設省告示第二千九号,2000-10-17,国土交通省住宅局建築指導課,http://www.mlit.go.jp/notice/noticedata/pdf/201703/00006509.pdf,priority_accept_org: 建築指導課
経営再建中の建設業者に係る建設業法上の事務の取扱いについて,建設省経建発第一一一号,2000-06-01,建設経済局建設業課長通知,http://www.mlit.go.jp/notice/noticedata/sgml/006/74000153/74000153.html,strong_accept: 建設業法
建築基準法の一部を改正する法律の施行について,建設省住指発第六八二号,2000-06-01,住宅局建築指導課長通知,http://www.mlit.go.jp/notice/noticedata/sgml/105/81000288/81000288.html,priority_accept_org: 建築指導課
炭素鋼のボルトのせん断に対する許容応力度及び材料強度を定める件,建設省告示第千四百五十一号,2000-05-31,国土交通省住宅局建築指導課,http://www.mlit.go.jp/notice/noticedata/pdf/201703/00006499.pdf,priority_accept_org: 建築指導課
建築物の使用上の支障が起こらないことを確かめる必要がある場合及びその確認方法を定める件,建設省告示第千四百五十九号,2000-05-31,国土交通省住宅局建築指導課,http://www.mlit.go.jp/notice/noticedata/pdf/201703/00006503.pdf,priority_accept_org: 建築指導課
多雪区域を指定する基準及び垂直積雪量を定める基準を定める件,建設省告示第千四百五十五号,2000-05-31,国土交通省住宅局建築指導課,http://www.mlit.go.jp/notice/noticedata/pdf/201703/00006501.pdf,priority_accept_org: 建築指導課
コンクリートの付着、引張り及びせん断に対する許容応力度及び材料強度を定める件,建設省告示第千四百五十号,2000-05-31,国土交通省住宅局建築指導課,http://www.mlit.go.jp/notice/noticedata/pdf/201703/00006498.pdf,priority_accept_org: 建築指導課
学校の木造の校舎の日本工業規格を指定する件,建設省告示第千四百五十三号,2000-05-31,国土交通省住宅局建築指導課,http://www.mlit.go.jp/notice/noticedata/pdf/201703/00006500.pdf,priority_accept_org: 建築指導課
木材の基準強度Fc、Ft、Fb及びFsを定める件,建設省告示第千四百五十二号,2000-05-31,国土交通省住宅局建築指導課,http://www.mlit.go.jp/notice/noticedata/pdf/201703/00006531.pdf,priority_accept_org: 建築指導課
鉄骨造の柱の脚部を基礎に緊結する構造方法の基準を定める件,建設省告示第千四百五十六号,2000-05-31,国土交通省住宅局建築指導課,http://www.mlit.go.jp/notice/noticedata/pdf/201703/00006502.pdf,priority_accept_org: 建築指導課
難燃材料でした内装の仕上げに準ずる仕上げを定める件,建設省告示第千四百三十九号,2000-05-31,国土交通省住宅局建築指導課,http://www.mlit.go.jp/notice/noticedata/pdf/201703/00006491.pdf,priority_accept_org: 建築指導課
地階における住宅等の居室に設ける開口部及び防水層の設置方法を定める件,建設省告示第千四百三十号,2000-05-31,国土交通省住宅局建築指導課,http://www.mlit.go.jp/notice/noticedata/pdf/201703/00006485.pdf,priority_accept_org: 建築指導課
耐火性能検証法に関する算出方法等を定める件,建設省告示第千四百三十三号,2000-05-31,国土交通省住宅局建築指導課,http://www.mlit.go.jp/notice/noticedata/pdf/201703/00006487.pdf,priority_accept_org: 建築指導課
通常の火災時に生ずる煙を有効に排出することができる特殊な構造の排煙設備の構造方法を定める件,建設省告示第千四百三十七号,2000-05-31,国土交通省住宅局建築指導課,http://www.mlit.go.jp/notice/noticedata/pdf/201703/00006489.pdf,priority_accept_org: 建築指導課
可燃物燃焼温度を定める件,建設省告示第千四百三十二号,2000-05-31,国土交通省住宅局建築指導課,http://www.mlit.go.jp/notice/noticedata/pdf/201703/00006486.pdf,priority_accept_org: 建築指導課
屋外からの進入を防止する必要がある特別の理由を定める件,建設省告示第千四百三十八号,2000-05-31,国土交通省住宅局建築指導課,http://www.mlit.go.jp/notice/noticedata/pdf/201703/00006490.pdf,priority_accept_org: 建築指導課
火災が発生した場合に避難上支障のある高さまで煙又はガスの降下が生じない建築物の部分を定める件,建設省告示第千四百三十六号,2000-05-31,国土交通省住宅局建築指導課,http://www.mlit.go.jp/notice/noticedata/pdf/201703/00006488.pdf,priority_accept_org: 建築指導課
階避難安全検証法に関する算出方法等を定める件,建設省告示第千四百四十一号,2000-05-31,国土交通省住宅局建築指導課,http://www.mlit.go.jp/notice/noticedata/pdf/201703/00006493.pdf,priority_accept_org: 建築指導課
煙突、鉄筋コンクリート造の柱等、広告塔又は高架水槽及び擁壁並びに乗用エレベーター又はエスカレーターの構造計算の基準を改める件,建設省告示第千四百四十九号,2000-05-31,国土交通省住宅局建築指導課,http://www.mlit.go.jp/notice/noticedata/pdf/201703/00006497.pdf,priority_accept_org: 建築指導課
火災の発生のおそれの少ない室を定める件,建設省告示第千四百四十号,2000-05-31,国土交通省住宅局建築指導課,http://www.mlit.go.jp/notice/noticedata/pdf/201703/00006492.pdf,priority_accept_org: 建築指導課
防火上支障のない外壁及び屋根の構造を定める件,建設省告示第千四百四十三号,2000-05-31,国土交通省住宅局建築指導課,http://www.mlit.go.jp/notice/noticedata/pdf/201703/00006495.pdf,priority_accept_org: 建築指導課
安全上又は防火上重要である建築物の部分等を定める件,建設省告示第千四百四十四号,2000-05-31,国土交通省住宅局建築指導課,http://www.mlit.go.jp/notice/noticedata/pdf/201706/00006707.pdf,priority_accept_org: 建築指導課
全館避難安全検証法に関する算出方法等を定める件,建設省告示第千四百四十二号,2000-05-31,国土交通省住宅局建築指導課,http://www.mlit.go.jp/notice/noticedata/pdf/201703/00006494.pdf,priority_accept_org: 建築指導課
建築物の基礎、主要構造部等に使用する建築材料並びにこれらの建築材料が適合すべき日本工業規格又は日本農林規格及び品質に関する技術的基準を定める件,建設省告示第千四百四十六号,2000-05-31,国土交通省住宅局建築指導課,http://www.mlit.go.jp/notice/noticedata/pdf/201706/00006705.pdf,priority_accept_org: 建築指導課
非常用の照明装置を設けることを要しない避難階又は避難階の直上階若しくは直下階の居室で避難上支障がないものその他これらに類するものを定める件,建設省告示第千四百十一号,2000-05-31,国土交通省住宅局建築指導課,http://www.mlit.go.jp/notice/noticedata/pdf/201703/00006468.pdf,priority_accept_org: 建築指導課
遊戯施設の構造耐力上安全な構造方法及び構造計算、遊戯施設強度検証法の対象となる遊戯施設、遊戯施設強度検証法並びに遊戯施設の周囲の人の安全を確保することができる構造方法を定める件,建設省告示第千四百十九号,2000-05-31,国土交通省住宅局建築指導課,http://www.mlit.go.jp/notice/noticedata/pdf/201703/00006476.pdf,priority_accept_org: 建築指導課
用途が特殊なエレベーター及び当該エレベーターのかごの積載荷重を定める件,建設省告示第千四百十五号,2000-05-31,国土交通省住宅局建築指導課,http://www.mlit.go.jp/notice/noticedata/pdf/201703/00006472.pdf,priority_accept_org: 建築指導課
特殊な構造又は使用形態のエレベーター及びエスカレーターの構造方法を定める件,建設省告示第千四百十三号,2000-05-31,国土交通省住宅局建築指導課,http://www.mlit.go.jp/notice/noticedata/pdf/201703/00006470.pdf,priority_accept_org: 建築指導課
エレベーター強度検証法の対象となるエレベーター、エレベーター強度検証法及び屋外に設けるエレベーターに関する構造計算の基準を定める件,建設省告示第千四百十四号,2000-05-31,国土交通省住宅局建築指導課,http://www.mlit.go.jp/notice/noticedata/pdf/201703/00006471.pdf,priority_accept_org: 建築指導課
通常の使用状態において人又は物が挟まれ、又は障害物に衝突することがないようにしたエスカレーターの構造及びエスカレーターの勾配に応じた踏段の定格速度を定める件,建設省告示第千四百十七号,2000-05-31,国土交通省住宅局建築指導課,http://www.mlit.go.jp/notice/noticedata/pdf/201703/00006474.pdf,priority_accept_org: 建築指導課
建築物に設ける換気、暖房又は冷房の設備の風道及びダストシュート、メールシュート、リネンシュートその他これらに類するものの設置に関して防火上支障がない部分を定める件,建設省告示第千四百十二号,2000-05-31,国土交通省住宅局建築指導課,http://www.mlit.go.jp/notice/noticedata/pdf/201703/00006469.pdf,priority_accept_org: 建築指導課
エスカレーター強度検証法の対象となるエスカレーター及びエスカレーターの強度検証法を定める件,建設省告示第千四百十八号,2000-05-31,国土交通省住宅局建築指導課,http://www.mlit.go.jp/notice/noticedata/pdf/201703/00006475.pdf,priority_accept_org: 建築指導課
防火上支障のないエレベーターのかご及び昇降路並びに小荷物専用昇降機の昇降路を定める件,建設省告示第千四百十六号,2000-05-31,国土交通省住宅局建築指導課,http://www.mlit.go.jp/notice/noticedata/pdf/201703/00006473.pdf,priority_accept_org: 建築指導課
エレベーターの制御器の構造方法を定める件,建設省告示第千四百二十九号,2000-05-31,国土交通省住宅局建築指導課,http://www.mlit.go.jp/notice/noticedata/pdf/201703/00006484.pdf,priority_accept_org: 建築指導課
雷撃によって生ずる電流を建築物に被害を及ぼすことなく安全に地中に流すことができる避雷設備の構造方法を定める件,建設省告示第千四百二十五号,2000-05-31,国土交通省住宅局建築指導課,http://www.mlit.go.jp/notice/noticedata/pdf/201703/00006480.pdf,priority_accept_org: 建築指導課
エレベーターの制動装置の構造方法を定める件,建設省告示第千四百二十三号,2000-05-31,国土交通省住宅局建築指導課,http://www.mlit.go.jp/notice/noticedata/pdf/201703/00006478.pdf,priority_accept_org: 建築指導課
エスカレーターの制動装置の構造方法を定める件,建設省告示第千四百二十四号,2000-05-31,国土交通省住宅局建築指導課,http://www.mlit.go.jp/notice/noticedata/pdf/201703/00006479.pdf,priority_accept_org: 建築指導課
遊戯施設の非常止め装置の構造方法を定める件,建設省告示第千四百二十七号,2000-05-31,国土交通省住宅局建築指導課,http://www.mlit.go.jp/notice/noticedata/pdf/201703/00006482.pdf,priority_accept_org: 建築指導課
準耐火構造の防火区画等を貫通する給水管、配電管その他の管の外径を定める件,建設省告示第千四百二十二号,2000-05-31,国土交通省住宅局建築指導課,http://www.mlit.go.jp/notice/noticedata/pdf/201703/00006477.pdf,priority_accept_org: 建築指導課
非常用エレベーターの機能を確保するために必要な構造方法を定める件,建設省告示第千四百二十八号,2000-05-31,国土交通省住宅局建築指導課,http://www.mlit.go.jp/notice/noticedata/pdf/201703/00006483.pdf,priority_accept_org: 建築指導課
遊戯施設の客席部分の構造方法を定める件,建設省告示第千四百二十六号,2000-05-31,国土交通省住宅局建築指導課,http://www.mlit.go.jp/notice/noticedata/pdf/201703/00006481.pdf,priority_accept_org: 建築指導課
超高層建築物の構造耐力上の安全性を確かめるための構造計算の基準を定める件,建設省告示第千四百六十一号,2000-05-31,国土交通省住宅局建築指導課,http://www.mlit.go.jp/notice/noticedata/pdf/201703/00006505.pdf,priority_accept_org: 建築指導課
木造の継手及び仕口の構造方法を定める件,建設省告示第千四百六十号,2000-05-31,国土交通省住宅局建築指導課,http://www.mlit.go.jp/notice/noticedata/pdf/201703/00006504.pdf,priority_accept_org: 建築指導課
鉄筋の継手の構造方法を定める件,建設省告示第千四百六十三号,2000-05-31,国土交通省住宅局建築指導課,http://www.mlit.go.jp/notice/noticedata/pdf/201703/00006506.pdf,priority_accept_org: 建築指導課
鉄骨造の継手又は仕口の構造方法を定める件,建設省告示第千四百六十四号,2000-05-31,国土交通省住宅局建築指導課,http://www.mlit.go.jp/notice/noticedata/pdf/201703/00006507.pdf,priority_accept_org: 建築指導課
建築基準法施行令第百三十六条の二の十一第一号イ（2）等の国土交通大臣の指定する構造方法を定める件,建設省告示第千四百六十七号,2000-05-31,国土交通省住宅局建築指導課,http://www.mlit.go.jp/notice/noticedata/pdf/201703/00006508.pdf,priority_accept_org: 建築指導課
耐火構造の構造方法を定める件,建設省告示第千三百九十九号,2000-05-30,国土交通省住宅局建築指導課,http://www.mlit.go.jp/notice/noticedata/pdf/201706/00006704.pdf,priority_accept_org: 建築指導課
準不燃材料を定める件,建設省告示第千四百一号,2000-05-30,国土交通省住宅局建築指導課,http://www.mlit.go.jp/notice/noticedata/pdf/201703/00006466.pdf,priority_accept_org: 建築指導課
不燃材料を定める件,建設省告示第千四百号,2000-05-30,国土交通省住宅局建築指導課,http://www.mlit.go.jp/notice/noticedata/pdf/201703/00006465.pdf,priority_accept_org: 建築指導課
難燃材料を定める件,建設省告示第千四百二号,2000-05-30,国土交通省住宅局建築指導課,http://www.mlit.go.jp/notice/noticedata/pdf/201703/00006467.pdf,priority_accept_org: 建築指導課
建築物に設ける飲料水の配管設備の構造方法を定める件,建設省告示第千三百九十号,2000-05-29,国土交通省住宅局建築指導課,http://www.mlit.go.jp/notice/noticedata/pdf/201703/00006463.pdf,priority_accept_org: 建築指導課
屋上から突出する水槽、煙突等の構造計算の基準を定める件,建設省告示第千三百八十九号,2000-05-29,国土交通省住宅局建築指導課,http://www.mlit.go.jp/notice/noticedata/pdf/201703/00006462.pdf,priority_accept_org: 建築指導課
建築設備の構造耐力上安全な構造方法を定める件,建設省告示第千三百八十八号,2000-05-29,国土交通省住宅局建築指導課,http://www.mlit.go.jp/notice/noticedata/pdf/201703/00006461.pdf,priority_accept_org: 建築指導課
くみ取便所並びに特殊建築物及び特定区域の便所の構造方法並びに改良便槽内の汚水の温度の低下を防止するための措置の基準を定める件,建設省告示第千三百八十六号,2000-05-29,国土交通省住宅局建築指導課,http://www.mlit.go.jp/notice/noticedata/pdf/201703/00006460.pdf,priority_accept_org: 建築指導課
建築物の界壁、間仕切壁又は隔壁を貫通する風道に設ける防火設備の構造方法を定める件,建設省告示第千三百七十七号,2000-05-26,国土交通省住宅局建築指導課,http://www.mlit.go.jp/notice/noticedata/pdf/201703/00006459.pdf,priority_accept_org: 建築指導課
防火区画を貫通する風道に防火設備を設ける方法を定める件,建設省告示第千三百七十六号,2000-05-26,国土交通省住宅局建築指導課,http://www.mlit.go.jp/notice/noticedata/pdf/201703/00006458.pdf,priority_accept_org: 建築指導課
特定防火設備の構造方法を定める件,建設省告示第千三百六十九号,2000-05-25,国土交通省住宅局建築指導課,http://www.mlit.go.jp/notice/noticedata/pdf/201703/00006457.pdf,priority_accept_org: 建築指導課
防火地域又は準防火地域内の建築物の屋根の構造方法を定める件,建設省告示第千三百六十五号,2000-05-25,国土交通省住宅局建築指導課,http://www.mlit.go.jp/notice/noticedata/pdf/201703/00006454.pdf,priority_accept_org: 建築指導課
準耐火建築物と同等の性能を有する建築物等の屋根の構造方法を定める件,建設省告示第千三百六十七号,2000-05-25,国土交通省住宅局建築指導課,http://www.mlit.go.jp/notice/noticedata/pdf/201703/00006455.pdf,priority_accept_org: 建築指導課
床又はその直下の天井の構造方法を定める件,建設省告示第千三百六十八号,2000-05-25,国土交通省住宅局建築指導課,http://www.mlit.go.jp/notice/noticedata/pdf/201703/00006456.pdf,priority_accept_org: 建築指導課
防火構造の構造方法を定める件,建設省告示第千三百五十九号,2000-05-24,国土交通省住宅局建築指導課,http://www.mlit.go.jp/notice/noticedata/pdf/201703/00006450.pdf,priority_accept_org: 建築指導課
準耐火構造の構造方法を定める件,建設省告示第千三百五十八号,2000-05-24,国土交通省住宅局建築指導課,http://www.mlit.go.jp/notice/noticedata/pdf/201706/00006703.pdf,priority_accept_org: 建築指導課
特定行政庁が防火地域及び準防火地域以外の市街地について指定する区域内における屋根の構造方法を定める件,建設省告示第千三百六十一号,2000-05-24,国土交通省住宅局建築指導課,http://www.mlit.go.jp/notice/noticedata/pdf/201703/00006452.pdf,priority_accept_org: 建築指導課
防火設備の構造方法を定める件,建設省告示第千三百六十号,2000-05-24,国土交通省住宅局建築指導課,http://www.mlit.go.jp/notice/noticedata/pdf/201703/00006451.pdf,priority_accept_org: 建築指導課
木造建築物等の外壁の延焼のおそれのある部分の構造方法を定める件,建設省告示第千三百六十二号,2000-05-24,国土交通省住宅局建築指導課,http://www.mlit.go.jp/notice/noticedata/pdf/201703/00006453.pdf,priority_accept_org: 建築指導課
木造の建築物に物置等を設ける場合に階の床面積に加える面積を定める件,建設省告示第千三百五十一号,2000-05-23,国土交通省住宅局建築指導課,http://www.mlit.go.jp/notice/noticedata/pdf/201703/00006443.pdf,priority_accept_org: 建築指導課
補強コンクリートブロック造の塀の構造耐力上の安全性を確かめるための構造計算の基準を定める件,建設省告示第千三百五十五号,2000-05-23,国土交通省住宅局建築指導課,http://www.mlit.go.jp/notice/noticedata/pdf/201703/00006447.pdf,priority_accept_org: 建築指導課
補強された組積造の建築物の部分等の構造耐力上の安全性を確かめるための構造計算の基準を定める件,建設省告示第千三百五十三号,2000-05-23,国土交通省住宅局建築指導課,http://www.mlit.go.jp/notice/noticedata/pdf/201703/00006445.pdf,priority_accept_org: 建築指導課
組積造の建築物等を補強する構造方法を定める件,建設省告示第千三百五十四号,2000-05-23,国土交通省住宅局建築指導課,http://www.mlit.go.jp/notice/noticedata/pdf/201703/00006446.pdf,priority_accept_org: 建築指導課
木造建築物の軸組の設置の基準を定める件,建設省告示第千三百五十二号,2000-05-23,国土交通省住宅局建築指導課,http://www.mlit.go.jp/notice/noticedata/pdf/201703/00006444.pdf,priority_accept_org: 建築指導課
鉄骨造の建築物について一の柱のみの火熱による耐力の低下によって建築物全体が容易に倒壊するおそれがある場合等を定める件,建設省告示第千三百五十六号,2000-05-23,国土交通省住宅局建築指導課,http://www.mlit.go.jp/notice/noticedata/pdf/201703/00006448.pdf,priority_accept_org: 建築指導課
木造の柱の構造耐力上の安全性を確かめるための構造計算の基準を定める件,建設省告示第千三百四十九号,2000-05-23,国土交通省住宅局建築指導課,http://www.mlit.go.jp/notice/noticedata/pdf/201703/00006442.pdf,priority_accept_org: 建築指導課
建築物の基礎の構造方法及び構造計算の基準を定める件,建設省告示第千三百四十七号,2000-05-23,国土交通省住宅局建築指導課,http://www.mlit.go.jp/notice/noticedata/pdf/201703/00006441.pdf,priority_accept_org: 建築指導課
都市再開発関連公共施設整備促進事業補助金交付要綱,建設省住街発第二二号,2000-03-24,建設省都市局長、住宅局長通知,http://www.mlit.go.jp/notice/noticedata/sgml/046/77000207/77000207.html,strong_accept: 都市再開発
都市再開発関連公共施設整備促進事業制度要綱,建設省都再発第二〇号,2000-03-24,建設事務次官通知,http://www.mlit.go.jp/notice/noticedata/sgml/046/77000206/77000206.html,strong_accept: 都市再開発
土地区画整理法施行令第六十二条の二第四号の規定による同条第一号から第三号までに掲げる者と同等以上の知識及び経験を有する者,建設省告示第三十八号,2000-01-13,建設省,http://www.mlit.go.jp/notice/noticedata/sgml/2000/21aa0177/21aa0177.html,strong_accept: 土地区画整理
土地区画整理法施行令第六十二条の三第二号の規定に基づく土地区画整理士技術検定の学科試験の免除を受けることができる者及び免除の範囲,建設省告示第一号,2000-01-07,建設省,http://www.mlit.go.jp/notice/noticedata/sgml/2000/21aa0172/21aa0172.html,strong_accept: 土地区画整理
車いす利用者の乗合バス等の乗車について,自環第二三七号,1999-12-10,運輸省自動車交通局旅客課長・技術安全部保安・環境課長,http://www.mlit.go.jp/notice/noticedata/sgml/114/82000205/82000205.html,priority_accept_keyword: 車いす
車いす利用者の乗合バス等の乗車について,自環第二三六号,1999-12-10,国土交通省自動車交通局長,http://www.mlit.go.jp/notice/noticedata/sgml/113/82000204/82000204.html,priority_accept_keyword: 車いす
ナトリウム・硫黄電池を設置する建築物に係る建築基準法第四八条第四項から第一〇項までの規定に関する許可の運用について,建設省住街発第六五号,1999-07-12,住宅局市街地建築課長通知,http://www.mlit.go.jp/notice/noticedata/sgml/105/81000287/81000287.html,strong_accept: 建築基準法
建築基準法施行令第二条の二第三号の規定に基づく建築基準法第七十七条の十八第一項の確認検査の業務と同等以上の知識及び能力を要する業務,建設省告示第千三百十四号,1999-06-03,国土交通省住宅局建築指導課,http://www.mlit.go.jp/notice/noticedata/pdf/201703/00006440.pdf,priority_accept_org: 建築指導課
建築基準法の一部を改正する法律の一部の施行について,建設省住指発第二〇一号,1999-04-28,住宅局長,http://www.mlit.go.jp/notice/noticedata/sgml/105/81000285/81000285.html,strong_accept: 建築基準法
建築基準法の一部を改正する法律の一部の施行について,建設省住指発第二〇二号,1999-04-28,建設省住宅局建築指導課長通知,http://www.mlit.go.jp/notice/noticedata/sgml/105/81000286/81000286.html,priority_accept_org: 建築指導課
建築基準法第五二条第一一項第一号の規定の運用について,建設省住街発第四五号,1999-04-16,住宅局市街地建築課長通知,http://www.mlit.go.jp/notice/noticedata/sgml/105/81000283/81000283.html,strong_accept: 建築基準法
許認可等の審査・処理期間について,建設省住街発第四六号,1999-04-16,建設省住宅局建築指導課長・建設省住宅局市街地建築課長通知,http://www.mlit.go.jp/notice/noticedata/sgml/105/81000284/81000284.html,priority_accept_org: 建築指導課
都市開発資金(市街地再開発事業等資金)の活用にあたっての留意事項について,建設省住街発第四二号,1999-04-01,建設省都市局都市再開発防災課長、建設省住宅局市街地建築課長,http://www.mlit.go.jp/notice/noticedata/sgml/047/77000238/77000238.html,strong_accept: 都市再開発
建設業の譲渡に係る建設業法上の事務取扱いの円滑化等について,建設省経建発第三五〇号,1998-12-24,建設経済局建設業課長,http://www.mlit.go.jp/notice/noticedata/sgml/005/74000147/74000147.html,strong_accept: 建設業法
都市局所管再開発緊急促進事業の運用について,建設省都再発第一四五号,1998-12-11,建設省都市局都市再開発防災課長,http://www.mlit.go.jp/notice/noticedata/sgml/046/77000202/77000202.html,strong_accept: 都市再開発
都市計画法の一部改正等について,建設省経民発第六七号,1998-11-20,建設省建設経済局長建設省都市局長,http://www.mlit.go.jp/notice/noticedata/sgml/030/76000088/76000088.html,strong_accept: 都市計画法
都市再開発法の一部改正に伴う留意事項について,建設省住街発第八七—四号,1998-08-28,建設省都市局都市計画課長・建設省都市局都市再開発防災課長・建設省住宅局市街地建築課長通知,http://www.mlit.go.jp/notice/noticedata/sgml/046/77000199/77000199.html,strong_accept: 都市再開発
都市再開発法及び都市開発資金の貸付けに関する法律の一部改正について,建設省住街発第八七—二号,1998-08-28,建設省都市局長・住宅局長,http://www.mlit.go.jp/notice/noticedata/sgml/046/77000198/77000198.html,strong_accept: 都市再開発
建築士法の一部を改正する法律等の施行について,建設省住指発第四一〇号,1998-07-22,建設省住宅局長,http://www.mlit.go.jp/notice/noticedata/sgml/106/81000311/81000311.html,strong_accept: 建築士法
都市再開発法の認可に関する適正な手続の確保について,建設省住街発第七三号,1998-07-07,建設省都市局都市再開発防災課長、住宅局市街地建築課長,http://www.mlit.go.jp/notice/noticedata/sgml/046/77000195/77000195.html,strong_accept: 都市再開発
都市再開発関連公共施設整備促進事業に係る再評価実施要領細目及び新規事業採択時評価要領実施細目について,建設省住街発第七四—二号,1998-07-07,,http://www.mlit.go.jp/notice/noticedata/sgml/046/77000197/77000197.html,strong_accept: 都市再開発
市街化調整区域における倉庫業の用に供する施設に係る開発許可について,貨施第四九号,1998-07-06,運輸政策局貨物流通施設課長,http://www.mlit.go.jp/notice/noticedata/sgml/116/82000289/82000289.html,strong_accept: 開発許可
建築基準法の一部を改正する法律の公布について,建設省住指発第三二九号,1998-06-30,住宅局長,http://www.mlit.go.jp/notice/noticedata/sgml/105/81000281/81000281.html,strong_accept: 建築基準法
土地区画整理事業による個性ある街づくりの推進について,建設省都区発第四〇号,1998-05-06,建設省都市局区画整理課長通知,http://www.mlit.go.jp/notice/noticedata/sgml/044/77000133/77000133.html,strong_accept: 土地区画整理
都市再開発関連公共施設整備促進事業の実施について,建設省都再発第四二—三号,1998-04-08,建設省都市局都市再開発防災課長、街路課長、区画整理課長、住宅局市街地建築課長通知,http://www.mlit.go.jp/notice/noticedata/sgml/046/77000193/77000193.html,strong_accept: 都市再開発
屎尿浄化槽の処理対象人員の算定方式について,建設省住指発第一六七号,1998-03-31,住宅局建築指導課長通知,http://www.mlit.go.jp/notice/noticedata/sgml/105/81000279/81000279.html,priority_accept_org: 建築指導課
海洋建築物の取扱いについて,建設省住指発第一六八号,1998-03-31,住宅局建築指導課長通知,http://www.mlit.go.jp/notice/noticedata/sgml/105/81000280/81000280.html,priority_accept_org: 建築指導課
建築士事務所の廃業等の届出について,建設省住指発第二二五号,1998-03-31,建設省住宅局建築指導課長通知,http://www.mlit.go.jp/notice/noticedata/sgml/106/81000310/81000310.html,priority_accept_org: 建築指導課
駐車場法に基づく諸施策の円滑な実施について,建設省都街発第五号,1998-02-12,建設省都市局街路課長,http://www.mlit.go.jp/notice/noticedata/sgml/049/77000301/77000301.html,strong_accept: 駐車場法
土地区画整理補助事業の実施細目の改定について,建設省都区発第一号,1998-01-22,建設省都市局区画整理課長,http://www.mlit.go.jp/notice/noticedata/sgml/043/77000131/77000131.html,strong_accept: 土地区画整理
土地区画整理事業調査要綱の改定について,建設省都区発第二号,1998-01-22,建設省都市局区画整理課長,http://www.mlit.go.jp/notice/noticedata/sgml/044/77000132/77000132.html,strong_accept: 土地区画整理
「都市防災構造化対策の推進について」の運用について,建設省都防発第一〇号,1997-10-17,建設省都市局都市再開発防災課都市防災対策室長通知,http://www.mlit.go.jp/notice/noticedata/sgml/047/77000224/77000224.html,strong_accept: 都市再開発
都市計画法及び建築基準法の一部改正について,建設省都計発第八三号,1997-09-01,建設事務次官,http://www.mlit.go.jp/notice/noticedata/sgml/030/76000080/76000080.html,strong_accept: 建築基準法 / strong_accept: 都市計画法
都市計画法及び建築基準法の一部を改正する法律の一部の施行について,建設省住街発第七三号,1997-06-13,住宅局長通知,http://www.mlit.go.jp/notice/noticedata/sgml/105/81000275/81000275.html,strong_accept: 建築基準法 / strong_accept: 都市計画法
都市計画法及び建築基準法の一部を改正する法律の一部の施行について,建設省住街発第七二号,1997-06-13,事務次官通知,http://www.mlit.go.jp/notice/noticedata/sgml/105/81000274/81000274.html,strong_accept: 建築基準法 / strong_accept: 都市計画法
枠組壁工法の技術的基準の運用について,建設省住指発第二五五号,1997-05-30,住宅局建築指導課長通知,http://www.mlit.go.jp/notice/noticedata/sgml/105/81000273/81000273.html,priority_accept_org: 建築指導課
個人施行者が施行する土地区画整理事業において保留地を定めた場合における当該保留地の処分に係る所得税の取扱いについて,建設省都区発第三二号,1997-04-24,建設省都市局区画整理課長、建設省都市局都市再開発防災課長通知,http://www.mlit.go.jp/notice/noticedata/sgml/043/77000130/77000130.html,strong_accept: 都市再開発 / strong_accept: 土地区画整理
都市開発資金の貸付けに関する法律施行令第三条第二号の特に防災に資する公園又は緑地として建設大臣が定める基準及び災害発生時の円滑な避難を確保するため特に必要な公園又は緑地として建設大臣が定める基準について,建設省都再発第三〇号,1997-04-01,建設事務次官,http://www.mlit.go.jp/notice/noticedata/sgml/047/77000240/77000240.html,strong_accept: 避難
National　Lumber　Grades　AuthorityのNLGA—1996格付規格に規定する規格に適合する木材について,建設省住指発第一〇〇号,1997-03-10,住宅局建築指導課長,http://www.mlit.go.jp/notice/noticedata/sgml/105/81000271/81000271.html,priority_accept_org: 建築指導課
枠組壁工法を用いた建築物の構造耐力上主要な部分に使用する材料の認定について,建設省住指発第九八号,1997-03-10,住宅局建築指導課長,http://www.mlit.go.jp/notice/noticedata/sgml/105/81000270/81000270.html,priority_accept_org: 建築指導課
土地区画整理事業の測量成果の国土調査法第一九条第五項に係る申請書類に関する一部簡略化について,建設省都区発第六一号,1996-12-18,建設省都市局区画整理課長,http://www.mlit.go.jp/notice/noticedata/sgml/043/77000127/77000127.html,strong_accept: 土地区画整理
民間能力の活用による市街地再開発事業の推進について,建設省住街発第七二号,1996-07-22,建設省都市局都市再開発防災課長・住宅局市街地建築課長通知,http://www.mlit.go.jp/notice/noticedata/sgml/049/77000307/77000307.html,strong_accept: 都市再開発
業務代行方式による市街地再開発事業に対する支援について,住街発第七三号,1996-07-22,建設省都市局都市再開発防災課長、住宅局市街地建築課長通知,http://www.mlit.go.jp/notice/noticedata/sgml/045/77000191/77000191.html,strong_accept: 都市再開発
民間能力の活用による市街地再開発事業の推進について,住街発第七二号,1996-07-22,建設省都市局都市再開発防災課長、住宅局市街地建築課長通知,http://www.mlit.go.jp/notice/noticedata/sgml/045/77000190/77000190.html,strong_accept: 都市再開発
特定非常災害の被害者の権利利益の保全等を図るための特別措置に関する法律の施行について,建設省住指発第三〇二号,1996-07-18,住宅局建築指導課長,http://www.mlit.go.jp/notice/noticedata/sgml/105/81000269/81000269.html,priority_accept_org: 建築指導課
遊戯施設の安全対策について,建設省住指発第二九二号,1996-07-18,住宅局建築指導課長,http://www.mlit.go.jp/notice/noticedata/sgml/105/81000267/81000267.html,priority_accept_org: 建築指導課
National　Lumber　Grades　AuthorityのNLGA—1994格付規格に規定する規格に適合する木材について,建設省住指発第二五六号,1996-07-01,建設省住宅局建築指導課長,http://www.mlit.go.jp/notice/noticedata/sgml/105/81000266/81000266.html,priority_accept_org: 建築指導課
地震防災対策特別措置法第三条第一項の規定に基づく避難地の基準等,運輸省告示第三百四十五号,1996-05-30,運輸省,http://www.mlit.go.jp/notice/noticedata/sgml/1996/25058230/25058230.html,strong_accept: 避難
針葉樹の構造用製材の取扱いについて,建設省住指発第一九五号,1996-05-23,建設省住宅局建築指導課長,http://www.mlit.go.jp/notice/noticedata/sgml/105/81000265/81000265.html,priority_accept_org: 建築指導課
市街地再開発等の調査業務等のデータベースの活用による事業の的確な促進について,住街発第五四号,1996-05-10,建設省都市局都市再開発課長、住宅局住宅整備課長、住宅生産課長、市街地建築課長,http://www.mlit.go.jp/notice/noticedata/sgml/045/77000189/77000189.html,strong_accept: 都市再開発
高さが四五mを超え六〇m以下の建築物の構造審査について,建設省住指発第一三一号,1996-03-29,建設省住宅局建築指導課長,http://www.mlit.go.jp/notice/noticedata/sgml/104/81000260/81000260.html,priority_accept_org: 建築指導課
屎尿浄化槽の構造基準の改正について,建設省住指発第一三五号,1996-03-29,建設省住宅局建築指導課長,http://www.mlit.go.jp/notice/noticedata/sgml/105/81000262/81000262.html,priority_accept_org: 建築指導課
中低層共同住宅用エレベーターについて,建設省住指発第一三七号,1996-03-29,建設省住宅局建築指導課長,http://www.mlit.go.jp/notice/noticedata/sgml/105/81000264/81000264.html,priority_accept_org: 建築指導課
木材の材料強度の評価について,建設省住指発第一三二号,1996-03-29,建設省住宅局建築指導課長,http://www.mlit.go.jp/notice/noticedata/sgml/104/81000261/81000261.html,priority_accept_org: 建築指導課
既存住宅に設置するホームエレベーターについて,建設省住指発第一三六号,1996-03-29,建設省住宅局建築指導課長,http://www.mlit.go.jp/notice/noticedata/sgml/105/81000263/81000263.html,priority_accept_org: 建築指導課
土地区画整理事業の測量成果の国土調査法第一九条第五項に係る申請書類に関する一部変更について,建設省都区発第一七号,1996-03-29,建設省都市局区画整理課長,http://www.mlit.go.jp/notice/noticedata/sgml/043/77000126/77000126.html,strong_accept: 土地区画整理
地震防災対策特別措置法第三条第一項の規定に基づく避難地等に係る主務大臣が定める基準,建設省告示第千二十九号,1996-03-28,建設省,http://www.mlit.go.jp/notice/noticedata/sgml/1996/25058220/25058220.html,strong_accept: 避難
一戸建ての住宅又は長屋若しくは共同住宅の住戸の内部の階段又はその踊場に手すりを設ける場合の取扱いについて,建設省住指発第一二四号,1996-03-26,建設省住宅局建築指導課長,http://www.mlit.go.jp/notice/noticedata/sgml/104/81000259/81000259.html,priority_accept_org: 建築指導課
最低資本金の額を満たさない株式会社又は有限会社が開設者である建築士事務所の取扱い及び建築士事務所の登録申請者が法人である場合の登録申請書の記載方法について,建設省住指発第七〇号,1996-03-08,建設省住宅局建築指導課長,http://www.mlit.go.jp/notice/noticedata/sgml/106/81000309/81000309.html,priority_accept_org: 建築指導課
「公共用緑化樹木の品質寸法規格基準」(案)の改訂及び運用等について,建設省都緑対発第一号,1996-02-15,建設省都市局都市緑地対策室長,http://www.mlit.go.jp/notice/noticedata/sgml/035/76000224/76000224.html,strong_accept: 都市緑地
建築物の耐震改修の促進に関する法律等の施行について,建設省住指発第四三九号,1995-12-25,建設省住宅局建築指導課長,http://www.mlit.go.jp/notice/noticedata/sgml/107/81000327/81000327.html,priority_accept_org: 建築指導課
建築物の耐震改修の促進に関する法律等の施行について,建設省住指発第四三七号,1995-12-25,建設事務次官,http://www.mlit.go.jp/notice/noticedata/sgml/107/81000325/81000325.html,strong_accept: 耐震改修
建築物の耐震改修の促進に関する法律等の施行について,建設省住指発第四三八号,1995-12-25,建設省住宅局長,http://www.mlit.go.jp/notice/noticedata/sgml/107/81000326/81000326.html,strong_accept: 耐震改修
建設業者の合併に係る建設業法上の事務取扱いの円滑化等について,建設省経建発第二九七号,1995-12-04,建設経済局建設業課長,http://www.mlit.go.jp/notice/noticedata/sgml/005/74000136/74000136.html,strong_accept: 建設業法
地方公共団体が都市開発資金の貸付けを受けて行う補助事業用地等の先行取得の取扱いについて,建設省都総発第三三五号,1995-11-01,建設省都市局都市総務課長・都市再開発課長・街路課長・公園緑地課長、下水道部公共下水道課長・流域下水道課長通知,http://www.mlit.go.jp/notice/noticedata/sgml/047/77000235/77000235.html,strong_accept: 都市再開発
建物内に設けられた河川管理施設等に係る床面積の取扱いについて,建設省住指発第三〇七号,1995-10-02,建設省住宅局建築指導課長,http://www.mlit.go.jp/notice/noticedata/sgml/104/81000257/81000257.html,priority_accept_org: 建築指導課
建設業法第十五条第二号ハの規定による同号イに掲げる者と同等以上の能力を有する者を定める告示による認定の更新,建設省告示第千三百号,1995-06-29,建設省,http://www.mlit.go.jp/notice/noticedata/sgml/1995/26227520/26227520.html,strong_accept: 建設業法
建設業法施行規則第十七条の十六第三項の規定に基づく建設業法第二十七条の十八第一項に規定する資格者証の記載に用いる略語,建設省告示第千二百九十七号,1995-06-29,建設省,http://www.mlit.go.jp/notice/noticedata/sgml/1995/26240050/26240050.html,strong_accept: 建設業法
土地区画整理事業の測量成果の国土調査法第一九条第五項に係る申請書類に関する一部簡略化について,建設省都区発第五九号,1995-06-29,建設省都市局区画整理課長,http://www.mlit.go.jp/notice/noticedata/sgml/043/77000125/77000125.html,strong_accept: 土地区画整理
建設業法の一部を改正する法律等の施行について,建設省経建発第一四六号の二,1995-06-20,建設経済局長通知,http://www.mlit.go.jp/notice/noticedata/sgml/013/74000369/74000369.html,strong_accept: 建設業法
建設業法施行規則第十七条の二十第一項に規定するもののほか建設業法第二十七条の十八第四項の講習の指定に関し必要な事項,建設省告示第千二百六十八号,1995-06-19,建設省,http://www.mlit.go.jp/notice/noticedata/sgml/1995/26240110/26240110.html,strong_accept: 建設業法
建築物の構造耐力上の安全確保に係る措置について,建設省住指発第一七六号,1995-05-31,建設省住宅局建築指導課長通知,http://www.mlit.go.jp/notice/noticedata/sgml/104/81000254/81000254.html,priority_accept_org: 建築指導課
都市再開発法等の一部改正について,建設省住街発第五一号,1995-05-25,建設省都市局長、住宅局長,http://www.mlit.go.jp/notice/noticedata/sgml/045/77000186/77000186.html,strong_accept: 都市再開発
都市再開発法等の一部を改正する法律の施行について,建設省住街発第五二号,1995-05-25,建設省住宅局市街地建築課長,http://www.mlit.go.jp/notice/noticedata/sgml/045/77000187/77000187.html,strong_accept: 都市再開発
採光のための開口部を設けることを要しない居室について,建設省住指発第一五三号,1995-05-25,建設省住宅局建築指導課長通知,http://www.mlit.go.jp/notice/noticedata/sgml/104/81000253/81000253.html,priority_accept_org: 建築指導課
都市再開発法等の一部改正について,建設省都計発第七一号,1995-05-25,建設事務次官,http://www.mlit.go.jp/notice/noticedata/sgml/045/77000185/77000185.html,strong_accept: 都市再開発
特定土地区画整理事業及び住宅街区整備事業の推進について,建設省都再発第一〇六号,1995-05-25,建設省都市局長通知,http://www.mlit.go.jp/notice/noticedata/sgml/048/77000256/77000256.html,strong_accept: 土地区画整理
最低資本金の額を満たさない株式会社又は有限会社である建築士事務所の取扱いについて,建設省住指発一二二号,1995-04-04,建設省住宅局建築指導課長,http://www.mlit.go.jp/notice/noticedata/sgml/106/81000308/81000308.html,priority_accept_org: 建築指導課
連鎖型土地区画整理事業の実施について,建設省都区発第二八号,1995-04-01,建設省都市局長,http://www.mlit.go.jp/notice/noticedata/sgml/043/77000124/77000124.html,strong_accept: 土地区画整理
建築基準法第六条の規定に基づく建築物の確認を行うに当たっての同意事務の取扱いについて,建設省住指発第一一七号,1995-03-31,通知,http://www.mlit.go.jp/notice/noticedata/sgml/104/81000249/81000249.html,strong_accept: 建築基準法
建設業法の一部を改正する法律等の施行等について,建設省厚契発第四号,1995-02-07,地方厚生課公共工事契約指導室長,http://www.mlit.go.jp/notice/noticedata/sgml/013/74000368/74000368.html,strong_accept: 建設業法
旅館、ホテル等の防災対策について,建設省住指発第五三八号,1994-12-22,建設省住宅局建築指導課長,http://www.mlit.go.jp/notice/noticedata/sgml/104/81000245/81000245.html,priority_accept_org: 建築指導課
地方拠点都市地域の整備及び産業業務施設の再配置の促進に関する法律に規定する拠点業務市街地整備土地区画整理促進区域及び拠点整備土地区画整理事業等地方拠点都市地域の整備について,建設省都区発第八二号,1994-12-20,建設省都市局都市計画課長建設省都市局区画整理課長,http://www.mlit.go.jp/notice/noticedata/sgml/043/77000123/77000123.html,strong_accept: 土地区画整理
建設業法第二十七条の十八第四項に規定する講習の実施要領,建設省告示第二千四百十一号,1994-12-16,建設省,http://www.mlit.go.jp/notice/noticedata/sgml/1994/26240150/26240150.html,strong_accept: 建設業法
建築基準法に基づく防火材料の指定等又は建築基準法において予想されていない特殊の構造方法等の認定に係る試験結果取扱要領について,住指発第四三三号,1994-10-21,通知,http://www.mlit.go.jp/notice/noticedata/sgml/104/81000243/81000243.html,strong_accept: 建築基準法 / strong_accept: 防火 / strong_accept: 構造方法
高齢者、身体障害者等が円滑に利用できる特定建築物の建築の促進に関する法律の施行について,建設省住指発第三七五号,1994-09-28,)建設事務次官から各都道府県知事・各指定都市の長あて,http://www.mlit.go.jp/notice/noticedata/sgml/106/81000319/81000319.html,priority_accept_keyword: 身体障害者 / priority_accept_keyword: 高齢者、身体障害者
高齢者、身体障害者等が円滑に利用できる特定建築物の建築の促進に関する法律の施行について,建設省住指発第三七七号,1994-09-28,)建設省住宅局長から各都道府県知事・各指定都市の長あて,http://www.mlit.go.jp/notice/noticedata/sgml/106/81000320/81000320.html,priority_accept_keyword: 身体障害者 / priority_accept_keyword: 高齢者、身体障害者
高齢者、身体障害者等が円滑に利用できる特定建築物の建築の促進に関する法律の施行について,建設省住指発第三八〇号,1994-09-28,,http://www.mlit.go.jp/notice/noticedata/sgml/106/81000321/81000321.html,priority_accept_keyword: 身体障害者 / priority_accept_keyword: 高齢者、身体障害者
高齢者、身体障害者等が円滑に利用できる特定建築物の建築の促進に関する法律の施行に伴う建築基準法の運用等について,建設省住指発第三八一号,1994-09-28,,http://www.mlit.go.jp/notice/noticedata/sgml/107/81000322/81000322.html,priority_accept_keyword: 身体障害者 / priority_accept_keyword: 高齢者、身体障害者
建築基準法施行令の一部を改正する政令の施行について,住指発第三一五号,1994-09-01,通知,http://www.mlit.go.jp/notice/noticedata/sgml/104/81000240/81000240.html,strong_accept: 建築基準法
建築基準法施行令第百十四条第三項第三号の規定に基づく国土交通大臣が定める基準,建設省告示第千八百八十二号,1994-08-26,国土交通省住宅局建築指導課,http://www.mlit.go.jp/notice/noticedata/pdf/201703/00006439.pdf,priority_accept_org: 建築指導課
平成六年度地方税法等の改正により創設された特定市街化区域農地に対して課する固定資産税及び都市計画税の税制上の特例措置について,建設省経企発第一九号,1994-08-01,建設省建設経済局宅地開発課長、建設省都市局都市計画課長、建設省都市局都市再開発課長、建設省都市局区画整理課長,http://www.mlit.go.jp/notice/noticedata/sgml/002/74000046/74000046.html,strong_accept: 都市再開発
建築基準法第二十六条第三号の規定に基づく国土交通大臣が定める基準,建設省告示第千七百十六号,1994-07-28,国土交通省住宅局建築指導課,http://www.mlit.go.jp/notice/noticedata/pdf/201703/00006438.pdf,priority_accept_org: 建築指導課
建築基準法第二六条第三号の規定に基づく建設大臣が定める基準について,住指発第二六三号,1994-07-28,通知,http://www.mlit.go.jp/notice/noticedata/sgml/104/81000239/81000239.html,strong_accept: 建築基準法
建築基準法の一部改正等について,建設省住街発第七三号,1994-06-29,建設事務次官,http://www.mlit.go.jp/notice/noticedata/sgml/104/81000237/81000237.html,strong_accept: 建築基準法
建築基準法の一部を改正する法律等の施行について,建設省住街発第七四号,1994-06-29,建設省住宅局長,http://www.mlit.go.jp/notice/noticedata/sgml/104/81000238/81000238.html,strong_accept: 建築基準法
建設業法第二十七条の二十三第三項の規定による経営事項審査の項目及び基準,建設省告示第千四百六十一号,1994-06-08,建設省,http://www.mlit.go.jp/notice/noticedata/sgml/1994/26240410/26240410.html,strong_accept: 建設業法
特定の都市計画駐車場に係る地価税の非課税措置について,建設省都再発第五九号,1994-06-01,建設省都市局都市再開発課長,http://www.mlit.go.jp/notice/noticedata/sgml/049/77000299/77000299.html,strong_accept: 都市再開発
建設業法施行令第二十七条の七の規定による昭和四十五年建設省告示第七百五十八号に定めるほか、技術検定の学科試験又は実地試験の免除を受けることができる者及び免除の範囲,建設省告示第千四百三十七号,1994-05-30,建設省,http://www.mlit.go.jp/notice/noticedata/sgml/1994/26236a07/26236a07.html,strong_accept: 建設業法
建築基準法第三八条の規定に基づき、同法第二一条第二項及び第二七条第二項第一号の規定によるものと同等以上の効力があると認める件について,住指発第一四二号,1994-04-15,通知,http://www.mlit.go.jp/notice/noticedata/sgml/104/81000235/81000235.html,strong_accept: 建築基準法
土地区画整理事業における同意施行制度の事前協議の廃止について,建設省都区発第一六号,1994-03-31,建設省都市局区画整理課長,http://www.mlit.go.jp/notice/noticedata/sgml/048/77000254/77000254.html,strong_accept: 土地区画整理
標準駐車場条例の改正について,建設省都再発第四号,1994-01-20,建設省都市局都市再開発課長,http://www.mlit.go.jp/notice/noticedata/sgml/049/77000296/77000296.html,strong_accept: 都市再開発
流通業務施設の整備に関する基本方針等について,5—一八,1993-12-14,経済企画庁調整局産業経済課長、農林水産省食品流通局企画課長、通商産業省産業政策局流通産業課長、運輸省運輸政策局貨物流通企画課長、建設省都市局都市再開発課長,http://www.mlit.go.jp/notice/noticedata/sgml/048/77000281/77000281.html,strong_accept: 都市再開発
耐火構造等の指定及び防火構造等の認定に係る軽微な変更等の取扱いについて,住指発第四一一号,1993-11-16,通知,http://www.mlit.go.jp/notice/noticedata/sgml/104/81000234/81000234.html,strong_accept: 防火 / strong_accept: 耐火
準耐火構造の指定について,住指発第三三五号,1993-09-16,通知,http://www.mlit.go.jp/notice/noticedata/sgml/104/81000233/81000233.html,strong_accept: 耐火
建設業法施行令第二十七条の七の規定による昭和四十五年建設省告示第七百五十八号に定めるほか、技術検定の学科試験又は実地試験の免除を受けることができる者及び免除の範囲,建設省告示第千六百六十一号,1993-08-09,建設省,http://www.mlit.go.jp/notice/noticedata/sgml/1993/26236a05/26236a05.html,strong_accept: 建設業法
土地区画整理法第六条第二項の規定に基づく建設大臣が指定する都市計画区域,建設省告示第千五百九十八号,1993-07-26,建設省,http://www.mlit.go.jp/notice/noticedata/sgml/1993/21228100/21228100.html,strong_accept: 土地区画整理
給油所に係る建築確認の際の取扱いについて,住指発第二四九号,1993-07-22,通知,http://www.mlit.go.jp/notice/noticedata/sgml/104/81000232/81000232.html,strong_accept: 建築確認
都市計画法及び建築基準法の一部を改正する法律等の施行に伴う宅地建物取引業法の厳正な運用について,建設省経動発第六二号,1993-06-25,建設省建設経済局不動産業課長,http://www.mlit.go.jp/notice/noticedata/sgml/017/74000492/74000492.html,strong_accept: 建築基準法 / strong_accept: 都市計画法
建築基準法施行令第百三十条の五の四第二号の規定に基づく国土交通大臣が指定する建築物,建設省告示第千四百五十一号,1993-06-25,建設省,http://www.mlit.go.jp/notice/noticedata/sgml/1993/26088010/26088010.html,strong_accept: 建築基準法
都市計画法及び建築基準法の一部を改正する法律等の施行について,建設省住街発第九四号,1993-06-25,建設省住宅局建築指導課長、建設省住宅局市街地建築課長通知,http://www.mlit.go.jp/notice/noticedata/sgml/103/81000229/81000229.html,priority_accept_org: 建築指導課
都市計画法及び建築基準法の一部を改正する法律等の施行について,建設省住指発第二二四号,1993-06-25,建設省住宅局長通知,http://www.mlit.go.jp/notice/noticedata/sgml/103/81000228/81000228.html,strong_accept: 建築基準法 / strong_accept: 都市計画法
都市計画法及び建築基準法の一部改正等について,建設省都計発第九〇号,1993-06-25,建設事務次官通知,http://www.mlit.go.jp/notice/noticedata/sgml/029/76000061/76000061.html,strong_accept: 建築基準法 / strong_accept: 都市計画法
自動車修理工場に係る建築基準法第四八条第五項から第七項までの規定に関する許可の運用について,住街発第九五号,1993-06-25,通知,http://www.mlit.go.jp/notice/noticedata/sgml/103/81000231/81000231.html,strong_accept: 建築基準法
準耐火構造の住宅の耐久性に係る基準について,住建発第九三号,1993-06-25,建設省住宅局長依命,http://www.mlit.go.jp/notice/noticedata/sgml/089/80000142/80000142.html,strong_accept: 耐火
準耐火構造の指定について,住指発第二六五号,1993-06-25,通知,http://www.mlit.go.jp/notice/noticedata/sgml/103/81000230/81000230.html,strong_accept: 耐火
建築基準法施行令第百三十条の九第一項の規定による屋内貯蔵所のうち位置、構造及び設備について国土交通大臣が定める基準に適合するもの,建設省告示第千四百三十九号,1993-06-24,建設省,http://www.mlit.go.jp/notice/noticedata/sgml/1993/26088040/26088040.html,strong_accept: 建築基準法
建築基準法施行令第百三十条の九第一項の規定による屋内貯蔵所のうち位置、構造及び設備について国土交通大臣が定める基準に適合するもの,建設省告示第千四百三十九号,1993-06-24,国土交通省住宅局建築指導課,http://www.mlit.go.jp/notice/noticedata/pdf/201703/00006437.pdf,priority_accept_org: 建築指導課
建築基準法施行令第百三十六条の十第三号ハの規定に基づくその屋内側からの通常の火災時における炎及び火熱を遮る上で有効と認める屋根の基準,建設省告示第千四百三十五号,1993-06-24,国土交通省住宅局建築指導課,http://www.mlit.go.jp/notice/noticedata/pdf/201703/00006435.pdf,priority_accept_org: 建築指導課
建築基準法施行令第百三十六条の十第三号ロの規定に基づく通常の火災時における炎及び火熱を遮る上で有効と認める塀その他これに類するものの基準,建設省告示第千四百三十四号,1993-06-24,国土交通省住宅局建築指導課,http://www.mlit.go.jp/notice/noticedata/pdf/201703/00006434.pdf,priority_accept_org: 建築指導課
建築基準法施行令第二条第一項第二号の規定に基づく国土交通大臣が高い開放性を有すると認めて指定する構造,建設省告示第千四百三十七号,1993-06-24,国土交通省住宅局建築指導課,http://www.mlit.go.jp/notice/noticedata/pdf/201703/00006436.pdf,priority_accept_org: 建築指導課
建築基準法施行令第百三十条の八の二の規定による国土交通大臣が指定する特殊の方法による事業に使用する空気圧縮機,建設省告示第千四百三十八号,1993-06-24,建設省,http://www.mlit.go.jp/notice/noticedata/sgml/1993/26085120/26085120.html,strong_accept: 建築基準法
建築基準法施行令第百三十条の七の二第二号の規定による国土交通大臣が指定する建築物,建設省告示第千四百三十六号,1993-06-24,建設省,http://www.mlit.go.jp/notice/noticedata/sgml/1993/26085110/26085110.html,strong_accept: 建築基準法
建築基準法施行令第百三十条の九の四第四号の規定により国土交通大臣が石綿の粉じんの飛散の防止上有効であると認めて定める方法,建設省告示第千四百四十一号,1993-06-24,建設省,http://www.mlit.go.jp/notice/noticedata/sgml/1993/26088060/26088060.html,strong_accept: 建築基準法
建築基準法施行令第百三十条の九の四第二号の規定による合成繊維の製造のうち、国土交通大臣が安全上及び防火上支障がないと認めて定める物質を原料とするもの及び国土交通大臣が安全上及び防火上支障がないと認めて定める工程によるもの,建設省告示第千四百四十号,1993-06-24,建設省,http://www.mlit.go.jp/notice/noticedata/sgml/1993/26088050/26088050.html,strong_accept: 建築基準法 / strong_accept: 防火
建築基準法施行令第百三十六条の九第一号の規定に基づく高い開放性を有する構造の建築物又は建築物の部分,建設省告示第千四百二十七号,1993-06-22,国土交通省住宅局建築指導課,http://www.mlit.go.jp/notice/noticedata/pdf/201703/00006433.pdf,priority_accept_org: 建築指導課
準耐火構造の壁を貫通する給水管、配電管その他の管の部分及びその周囲の部分の構造方法を定める件,建設省告示第千四百二十六号,1993-06-22,国土交通省住宅局建築指導課,http://www.mlit.go.jp/notice/noticedata/pdf/201703/00006432.pdf,priority_accept_org: 建築指導課
一体型土地区画整理事業の事業計画様式について,建設省都区発第三〇号,1993-05-24,建設省都市局区画整理課長,http://www.mlit.go.jp/notice/noticedata/sgml/043/77000121/77000121.html,strong_accept: 土地区画整理
三大都市圏の特定市の市街化区域農地に係る計画的な宅地化を図る場合の固定資産税等の軽減措置の拡充に伴う事務の施行について,建設省経企発第九号,1993-04-01,建設省建設経済局宅地開発課長・建設省都市局都市計画課長・建設省都市局都市再開発課長・建設省都市局区画整理課長,http://www.mlit.go.jp/notice/noticedata/sgml/001/74000025/74000025.html,strong_accept: 都市再開発
都市計画法及び建築基準法の一部改正に伴う円滑な新用途地域の決定及び新制度への移行に係る準備等について,建設省住街発第一五八号,1992-11-02,建設省都市局都市計画課長・建設省住宅局市街地建築課長通知,http://www.mlit.go.jp/notice/noticedata/sgml/029/76000059/76000059.html,strong_accept: 建築基準法 / strong_accept: 都市計画法 / strong_accept: 用途地域
鉄骨造建築物等の品質適正化について,建設省住指発第三四九号,1992-09-30,建設省住宅局建築指導課長通知,http://www.mlit.go.jp/notice/noticedata/sgml/103/81000226/81000226.html,priority_accept_org: 建築指導課
建築現場における鉄骨製作工場名の表示について,住指発第三四七号,1992-09-30,建設省住宅局建築指導課長通知,http://www.mlit.go.jp/notice/noticedata/sgml/103/81000225/81000225.html,priority_accept_org: 建築指導課
建築基準法第三八条の規定に基づく認定について(木造三階建共同住宅等の技術基準),建設省住指発第二〇一号,1992-06-15,建設省住宅局建築指導課長通知,http://www.mlit.go.jp/notice/noticedata/sgml/103/81000219/81000219.html,priority_accept_org: 建築指導課
建築基準法第三八条の規定に基づく認定について(高さ制限の見直しに係る木造建築物の技術基準),建設省住指発第二〇三号,1992-06-15,建設省住宅局建築指導課長通知,http://www.mlit.go.jp/notice/noticedata/sgml/103/81000222/81000222.html,priority_accept_org: 建築指導課
建築基準法第三八条及び第六七条の二の規定に基づく認定について(簡易耐火建築物と同等の防火性能を有する木造建築物等の技術基準),建設省住指発第二〇二号,1992-06-15,通知,http://www.mlit.go.jp/notice/noticedata/sgml/103/81000220/81000220.html,strong_accept: 建築基準法 / strong_accept: 防火 / strong_accept: 耐火
給油所に係る建築確認の際の取扱いについて,建設省住指発第一九六号,1992-06-10,建設省住宅局建築指導課長通知,http://www.mlit.go.jp/notice/noticedata/sgml/103/81000218/81000218.html,priority_accept_org: 建築指導課
建築基準法第三八条の規定に基づく認定について(地下式駐車場設計指針),住指発第一九五号,1992-06-10,住宅局建築指導課長,http://www.mlit.go.jp/notice/noticedata/sgml/103/81000221/81000221.html,priority_accept_org: 建築指導課
枠組壁工法の技術的基準の運用について,建設省住指発第一二〇号,1992-04-07,建設省住宅局建築指導課長通知,http://www.mlit.go.jp/notice/noticedata/sgml/103/81000217/81000217.html,priority_accept_org: 建築指導課
三大都市圏の特定市の市街化区域農地に係る計画的な宅地化及び公共施設の整備を伴った貸家住宅の建設の促進のための優良な宅地化計画の認定等の事務の施行について,建設省経企発第四号,1992-04-01,建設省建設経済局宅地開発課長、建設省都市局都市計画課長、建設省都市局都市再開発課長、建設省都市局区画整理課長,http://www.mlit.go.jp/notice/noticedata/sgml/035/76000249/76000249.html,strong_accept: 都市再開発
三大都市圏の特定市の市街化区域農地に係る計画的な宅地化及び公共施設の整備を伴った貸家住宅の建設の促進のための優良な宅地化計画の認定等の事務の施行について,建設省経企発第四号,1992-04-01,建設省建設経済局宅地開発課長、建設省都市局都市計画課長、建設省都市局都市再開発課長、建設省都市局区画整理課長通知,http://www.mlit.go.jp/notice/noticedata/sgml/002/74000037/74000037.html,strong_accept: 都市再開発
建築確認手続の簡素・平明化について,建設省住指発第一一〇号,1992-03-31,建設省住宅局建築指導課長,http://www.mlit.go.jp/notice/noticedata/sgml/103/81000216/81000216.html,priority_accept_org: 建築指導課
耐火建築物又は簡易耐火建築物の外壁に外装材として木材を取り付ける場合の取扱いについて,建設省住指発第一〇三号,1992-03-30,通知,http://www.mlit.go.jp/notice/noticedata/sgml/103/81000215/81000215.html,strong_accept: 耐火
内装制限に関する告示の制定について,建設省住指発第一〇二号,1992-03-30,通知,http://www.mlit.go.jp/notice/noticedata/sgml/103/81000214/81000214.html,strong_accept: 内装制限
電動ダムウェーターの取扱いについて,建設省住指発第六七号,1992-03-04,建設省住宅局建築指導課長通知,http://www.mlit.go.jp/notice/noticedata/sgml/103/81000213/81000213.html,priority_accept_org: 建築指導課
「(仮称)建築確認支援システム運用協議会」の設立について,建設省住指発第三五号,1992-02-10,建設省住宅局建築指導課長通知,http://www.mlit.go.jp/notice/noticedata/sgml/103/81000212/81000212.html,priority_accept_org: 建築指導課
針葉樹の構造用製材の取扱いについて,住指発第一六号,1992-01-31,建設省住宅局建築指導課長通知,http://www.mlit.go.jp/notice/noticedata/sgml/103/81000211/81000211.html,priority_accept_org: 建築指導課
土地区画整理法による土地区画整理事業に係る租税特別措置法施行規則第一七条第一項第一号イ及び第二二条の五第一項第一号イの規定の運用について,建設省経宅発第一七号,1992-01-29,,http://www.mlit.go.jp/notice/noticedata/sgml/043/77000120/77000120.html,strong_accept: 土地区画整理
「興行場等に係る技術指針」について,住指発第五五九号,1991-12-11,建設省住宅局建築指導課長通知,http://www.mlit.go.jp/notice/noticedata/sgml/103/81000210/81000210.html,priority_accept_org: 建築指導課
燃焼機器等に直結する排気筒に対する安全対策について,住指発第五四六号,1991-12-09,建設省住宅局建築指導課長通知,http://www.mlit.go.jp/notice/noticedata/sgml/103/81000209/81000209.html,priority_accept_org: 建築指導課
駐車場整備計画の策定について,建設省都再発第一一四号,1991-11-25,建設省都市局都市再開発課長通知,http://www.mlit.go.jp/notice/noticedata/sgml/049/77000297/77000297.html,strong_accept: 都市再開発
駐車場法の一部改正について,建設省都再発第九九号,1991-11-01,建設省都市局長通知,http://www.mlit.go.jp/notice/noticedata/sgml/049/77000294/77000294.html,strong_accept: 駐車場法
再生資源の利用の促進に関する法律の施行について,建設省住指発第五〇〇号,1991-10-25,建設省住宅局建築指導課長通知,http://www.mlit.go.jp/notice/noticedata/sgml/002/74000052/74000052.html,priority_accept_org: 建築指導課
再生資源の利用の促進に関する法律の施行について,建設省住指発第五〇一号,1991-10-25,建設省住宅局建築指導課長通知,http://www.mlit.go.jp/notice/noticedata/sgml/002/74000053/74000053.html,priority_accept_org: 建築指導課
住宅防火対策推進体制の整備について,建設省住指発第三五五号,1991-08-27,建設省住宅局建築指導課長通知,http://www.mlit.go.jp/notice/noticedata/sgml/103/81000208/81000208.html,priority_accept_org: 建築指導課
建築確認支援システムの今後の進め方について,建設省住指発第三五二号,1991-08-27,建設省住宅局建築指導課長通知,http://www.mlit.go.jp/notice/noticedata/sgml/103/81000207/81000207.html,priority_accept_org: 建築指導課
物品販売業を営む店舗等における防災対策の推進について,住指発第二六四号,1991-06-28,建設省住宅局建築指導課長通知,http://www.mlit.go.jp/notice/noticedata/sgml/103/81000206/81000206.html,priority_accept_org: 建築指導課
地方自治法の一部を改正する法律による建築基準法の一部改正について,建設省住指発第二六七号,1991-06-27,建設省住宅局建築指導課長通知,http://www.mlit.go.jp/notice/noticedata/sgml/103/81000205/81000205.html,priority_accept_org: 建築指導課
農住組合の行う土地区画整理事業について,建設省都区発第三五号,1991-06-17,建設省都市局長通知,http://www.mlit.go.jp/notice/noticedata/sgml/022/75000119/75000119.html,strong_accept: 土地区画整理
農住組合の行う土地区画整理事業について,建設省都区発第三六号,1991-06-17,建設省都市局区画整理課長通知,http://www.mlit.go.jp/notice/noticedata/sgml/022/75000120/75000120.html,strong_accept: 土地区画整理
土地対策に関連する建築行政の推進について,住街発第六五号,1991-04-15,建設省住宅局建築指導課長市街地建築課長通知,http://www.mlit.go.jp/notice/noticedata/sgml/103/81000204/81000204.html,priority_accept_org: 建築指導課
「地方公共団体が文化財として指定した伝統建築物に対する防火及び構造安全性評価指針」について,建設省住指発第一二八号,1991-03-30,建設省住宅局建築指導課長通知,http://www.mlit.go.jp/notice/noticedata/sgml/103/81000202/81000202.html,priority_accept_org: 建築指導課
建築確認事務を委譲する市町村の拡大の促進について,住指発第一二九号,1991-03-30,建設省住宅局建築指導課長通知,http://www.mlit.go.jp/notice/noticedata/sgml/103/81000203/81000203.html,priority_accept_org: 建築指導課
特殊建築物等調査資格者、昇降機検査資格者及び建築設備検査資格者となるための講習について,住指発第九五号,1991-03-13,建設省住宅局建築指導課長通知,http://www.mlit.go.jp/notice/noticedata/sgml/102/81000201/81000201.html,priority_accept_org: 建築指導課
特殊建築物等調査資格者、昇降機検査資格者及び建築設備検査資格者となるための講習について,住指発第九四号,1991-03-13,建設省住宅局建築指導課長通知,http://www.mlit.go.jp/notice/noticedata/sgml/102/81000200/81000200.html,priority_accept_org: 建築指導課
建築確認手数料、建築士免許手数料等の改定について,建設省住指発第七三号,1991-03-08,建設省住宅局建築指導課長通知,http://www.mlit.go.jp/notice/noticedata/sgml/102/81000199/81000199.html,priority_accept_org: 建築指導課
大気汚染防止法施行令及び同法施行規則の一部改正等に係る非常用の建築設備の取扱いについて,住指発第三〇号,1991-02-01,建設省住宅局建築指導課長,http://www.mlit.go.jp/notice/noticedata/sgml/102/81000198/81000198.html,priority_accept_org: 建築指導課
木造の耐力上有効な軸組及び当該軸組に係る倍率の数値の取扱いについて,建設省住指発第七六四号,1990-12-11,建設省住宅局建築指導課長通知,http://www.mlit.go.jp/notice/noticedata/sgml/102/81000197/81000197.html,priority_accept_org: 建築指導課
自動車車庫に係る建築基準法第四八条第一項から第三項までの規定に基づく許可の運用について,建設省住街発第一四七号,1990-11-26,建設省住宅局長通知,http://www.mlit.go.jp/notice/noticedata/sgml/102/81000195/81000195.html,strong_accept: 建築基準法
都市計画法の改正に伴う遊休土地制度の運用について,2国土利第二五五号,1990-11-20,国土庁土地局土地利用調整課長通知,http://www.mlit.go.jp/notice/noticedata/sgml/020/75000065/75000065.html,strong_accept: 都市計画法
都市計画法及び建築基準法の一部改正について,建設省都計発第一六六号,1990-11-20,建設事務次官通知,http://www.mlit.go.jp/notice/noticedata/sgml/029/76000049/76000049.html,strong_accept: 建築基準法 / strong_accept: 都市計画法
届出駐車場に係る駐車場法の運用と機械式駐車装置の安全性の確保について,建設省都再発第六六号,1990-09-11,建設省都市局都市再開発課長通知,http://www.mlit.go.jp/notice/noticedata/sgml/049/77000291/77000291.html,strong_accept: 駐車場法 / strong_accept: 都市再開発
建設業法施行令第二十七条の七の規定による昭和四十五年建設省告示第七百五十八号に定めるほか、技術検定の学科試験又は実地試験の免除を受けることができる者及び免除の範囲,建設省告示第千四百六十七号,1990-08-20,建設省,http://www.mlit.go.jp/notice/noticedata/sgml/1990/26236a04/26236a04.html,strong_accept: 建設業法
標準駐車場条例の改正について,建設省都再発五九号,1990-06-11,都市再開発課長通知,http://www.mlit.go.jp/notice/noticedata/sgml/049/77000290/77000290.html,strong_accept: 都市再開発
防火戸を指定する告示の制定に伴う既認定乙種防火戸の取扱いについて,建設省住指発第二四一号,1990-05-31,建設省住宅局建築指導課長,http://www.mlit.go.jp/notice/noticedata/sgml/102/81000190/81000190.html,priority_accept_org: 建築指導課
丸太組構法の技術基準の運用について,建設省住指発第二四二号,1990-05-31,建設省住宅局建築指導課長,http://www.mlit.go.jp/notice/noticedata/sgml/102/81000191/81000191.html,priority_accept_org: 建築指導課
給油所に係る建築確認の際の取扱いについて,建設省住指発第二三四号,1990-05-30,建設省住宅局建築指導課長通知,http://www.mlit.go.jp/notice/noticedata/sgml/102/81000189/81000189.html,priority_accept_org: 建築指導課
外壁タイル等落下物対策の推進について,建設省住指発第二二一号,1990-05-19,建設省住宅局建築指導課長,http://www.mlit.go.jp/notice/noticedata/sgml/102/81000188/81000188.html,priority_accept_org: 建築指導課
「海洋建築物安全性評価指針」について,建設省住指発第一八七号,1990-05-01,建設省住宅局建築指導課長通知,http://www.mlit.go.jp/notice/noticedata/sgml/102/81000187/81000187.html,priority_accept_org: 建築指導課
遊戯施設の事故防止について,建設省住指発第一七六号,1990-04-25,建設省住宅局建築指導課長通知,http://www.mlit.go.jp/notice/noticedata/sgml/102/81000186/81000186.html,priority_accept_org: 建築指導課
第一種市街地再開発事業の特則型権利変換手続による不動産の取得に係る不動産取得税の軽減措置の取扱いについて,建設省住街発第五〇号,1990-03-31,建設省都市局都市再開発課長、建設省住宅局市街地建築課長,http://www.mlit.go.jp/notice/noticedata/sgml/047/77000233/77000233.html,strong_accept: 都市再開発
第一種市街地再開発事業の特則型権利変換手続による不動産の取得に係る不動産取得税の軽減措置の取扱いについて,建設省住街発第五〇号,1990-03-31,建設省都市局都市再開発課長・建設省住宅局市街地建築課長通知,http://www.mlit.go.jp/notice/noticedata/sgml/045/77000173/77000173.html,strong_accept: 都市再開発
既存建築物における外壁タイル等の落下防止について,住指発第四四二号,1989-11-29,建設省住宅局建築指導課長,http://www.mlit.go.jp/notice/noticedata/sgml/102/81000182/81000182.html,priority_accept_org: 建築指導課
建築基準法施行令第百四十四条の五第一項第四号の規定により国土交通大臣が定める特定高架道路等の法面その他の構造に関する基準,建設省告示第千九百四十一号,1989-11-21,建設省,http://www.mlit.go.jp/notice/noticedata/sgml/1989/26086400/26086400.html,strong_accept: 建築基準法
住宅の居室を地階に設ける場合の指導指針について,建設省住指発第四〇八号,1989-10-27,建設省住宅局建築指導課長通知,http://www.mlit.go.jp/notice/noticedata/sgml/102/81000179/81000179.html,priority_accept_org: 建築指導課
有効な防せい処理のなされた鉄筋の使用による防せい対策について,建設省住指発第四〇七号,1989-10-25,建設省住宅局建築指導課長通知,http://www.mlit.go.jp/notice/noticedata/sgml/102/81000180/81000180.html,priority_accept_org: 建築指導課
「懸垂物安全指針」について,建設省住指発第一五七号,1989-05-16,建設省住宅局建築指導課長通知,http://www.mlit.go.jp/notice/noticedata/sgml/102/81000176/81000176.html,priority_accept_org: 建築指導課
「懸垂物安全指針」について,建設省住指発第一五八号,1989-05-16,建設省住宅局建築指導課長通知,http://www.mlit.go.jp/notice/noticedata/sgml/102/81000177/81000177.html,priority_accept_org: 建築指導課
屎尿のみを処理する屎尿浄化槽に処理装置を付加し合併処理を行う場合の取扱いについて,建設省住指発第一〇五号,1989-03-31,建設省住宅局建築指導課長通知,http://www.mlit.go.jp/notice/noticedata/sgml/102/81000174/81000174.html,priority_accept_org: 建築指導課
小屋裏利用三階建枠組壁工法建築物簡易構造設計基準について,建設省住指発第一三六号,1989-03-30,建設省住宅局建築指導課長通知,http://www.mlit.go.jp/notice/noticedata/sgml/102/81000173/81000173.html,priority_accept_org: 建築指導課
設計等の業務報酬に係る消費税の円滑かつ適正な転嫁について,建設省住指発第九三号,1989-03-30,建設省住宅局建築指導課長,http://www.mlit.go.jp/notice/noticedata/sgml/102/81000172/81000172.html,priority_accept_org: 建築指導課
建設業法第十五条第二号ハの規定による同号イに掲げる者と同等以上の能力を有する者,建設省告示第百二十八号,1989-01-30,建設省,http://www.mlit.go.jp/notice/noticedata/sgml/1989/26227500/26227500.html,strong_accept: 建設業法
海洋建築物の取扱いについて,建設省住指発第五号,1989-01-19,建設省住宅局建築指導課長通知,http://www.mlit.go.jp/notice/noticedata/sgml/101/81000170/81000170.html,priority_accept_org: 建築指導課
土曜閉庁の実施に伴う建築基準法等の取扱いについて,住街発第一二九号,1988-12-28,建設省住宅局建築指導課長・建設省住宅局市街地建築課長通知,http://www.mlit.go.jp/notice/noticedata/sgml/101/81000169/81000169.html,priority_accept_org: 建築指導課
都市再開発法及び建築基準法の一部改正について,建設省経民発第五二号,1988-12-22,,http://www.mlit.go.jp/notice/noticedata/sgml/101/81000168/81000168.html,strong_accept: 建築基準法 / strong_accept: 都市再開発
都市再開発法及び建築基準法の一部改正について,建設省経民発第五二号,1988-12-22,建設省建設経済局長・建設省都市局長・建設省住宅局長,http://www.mlit.go.jp/notice/noticedata/sgml/045/77000166/77000166.html,strong_accept: 建築基準法 / strong_accept: 都市再開発
都市再開発法及び建築基準法の一部改正について,建設省都再発第一二九号,1988-12-22,建設事務次官,http://www.mlit.go.jp/notice/noticedata/sgml/045/77000165/77000165.html,strong_accept: 建築基準法 / strong_accept: 都市再開発
都市再開発法及び建築基準法の一部改正について,都再発第一二九号,1988-12-22,,http://www.mlit.go.jp/notice/noticedata/sgml/101/81000167/81000167.html,strong_accept: 建築基準法 / strong_accept: 都市再開発
建設業法施行令第二十七条の七の規定による昭和四十五年建設省告示第七百五十八号に定めるほか、技術検定の学科試験又は実地試験の免除を受けることができる者及び免除の範囲,建設省告示第二千九十三号,1988-10-27,建設省,http://www.mlit.go.jp/notice/noticedata/sgml/1988/26236a03/26236a03.html,strong_accept: 建設業法
屎尿浄化槽の設置に係る放流の同意について,住指発第四〇九号,1988-10-27,建設省住宅局建築指導課長通知,http://www.mlit.go.jp/notice/noticedata/sgml/101/81000166/81000166.html,priority_accept_org: 建築指導課
土地対策に関連する建築行政の推進について,建設省住街発第一〇三号,1988-10-19,建設省住宅局建築指導課長・建設省住宅局市街地建築課長通知,http://www.mlit.go.jp/notice/noticedata/sgml/101/81000165/81000165.html,priority_accept_org: 建築指導課
公団等に係る土地区画整理事業資金収益回収特別貸付金貸付要領,建設省都区発六六号,1988-09-16,建設省都市局長,http://www.mlit.go.jp/notice/noticedata/sgml/047/77000231/77000231.html,strong_accept: 土地区画整理
コンクリートの耐久性確保に係る措置の運用状況の調査について,建設省住指発第三九九号,1988-08-29,建設省住宅局建築指導課長通知,http://www.mlit.go.jp/notice/noticedata/sgml/101/81000164/81000164.html,priority_accept_org: 建築指導課
既存建築物の吹付けアスベスト粉じん飛散防止対策の推進について,建設省住指発第二三〇号,1988-06-30,建設省住宅局建築指導課長通知,http://www.mlit.go.jp/notice/noticedata/sgml/101/81000162/81000162.html,priority_accept_org: 建築指導課
既存建築物の吹付けアスベスト粉じん飛散防止処理に関する適切な工事計画の作成及び施工について,建設省住指発第二三一号,1988-06-30,建設省住宅局建築指導課長通知,http://www.mlit.go.jp/notice/noticedata/sgml/101/81000163/81000163.html,priority_accept_org: 建築指導課
燃焼機器等に直結する排気筒に対する安全対策について,建設省住指発第二二八号,1988-06-27,建設省住宅局建築指導課長通知,http://www.mlit.go.jp/notice/noticedata/sgml/101/81000161/81000161.html,priority_accept_org: 建築指導課
建設業法の一部を改正する法律の施行について,建設省経建発第一一〇号,1988-06-06,事務次官通知,http://www.mlit.go.jp/notice/noticedata/sgml/013/74000365/74000365.html,strong_accept: 建設業法
建設業法の一部を改正する法律の施行について,建設省経建発第一一〇号の二,1988-06-06,事務次官通知,http://www.mlit.go.jp/notice/noticedata/sgml/013/74000366/74000366.html,strong_accept: 建設業法
建設業法第十五条第二号イの国土交通大臣が定める試験及び免許,建設省告示第千三百十七号,1988-06-06,建設省,http://www.mlit.go.jp/notice/noticedata/sgml/1988/26226000/26226000.html,strong_accept: 建設業法
建設業法施行令第二十七条の十第一項の表に掲げる額から減じる額,建設省告示第千三百十八号,1988-06-06,建設省,http://www.mlit.go.jp/notice/noticedata/sgml/1988/26237000/26237000.html,strong_accept: 建設業法
給油所に係る建築確認の際の取扱いについて,建設省住指発第一九〇号,1988-05-31,建設省住宅局建築指導課長通知,http://www.mlit.go.jp/notice/noticedata/sgml/101/81000160/81000160.html,priority_accept_org: 建築指導課
枠組壁工法の技術的基準の運用について,建設省住指発第一一二号,1988-04-01,建設省住宅局建築指導課長通知,http://www.mlit.go.jp/notice/noticedata/sgml/101/81000159/81000159.html,priority_accept_org: 建築指導課
屎尿浄化槽の構造基準の改正について,建設省住指発第七四号,1988-03-08,建設省住宅局建築指導課長,http://www.mlit.go.jp/notice/noticedata/sgml/101/81000157/81000157.html,priority_accept_org: 建築指導課
型式認定浄化槽に係るラベル制度について,,1988-03-08,建設省住宅局建築指導課建設専門官,http://www.mlit.go.jp/notice/noticedata/sgml/101/81000158/81000158.html,priority_accept_org: 建築指導課
産業技術振興資金(新建築技術振興)融資制度の実施について,建設省住指発第六三号,1988-02-26,建設省住宅局建築指導課長通知,http://www.mlit.go.jp/notice/noticedata/sgml/101/81000156/81000156.html,priority_accept_org: 建築指導課
身体障害者対応建築物整備促進事業融資制度の実施について,建設省住指発第六二号,1988-02-26,建設省住宅局建築指導課長通知,http://www.mlit.go.jp/notice/noticedata/sgml/101/81000155/81000155.html,priority_accept_org: 建築指導課
大気汚染防止法施行令及び同法施行規則の一部改正等に係る非常用の建築設備の取扱いについて,建設省住指発第六一号,1988-02-01,建設省住宅局建築指導課長,http://www.mlit.go.jp/notice/noticedata/sgml/101/81000154/81000154.html,priority_accept_org: 建築指導課
民間建築物における吹付けアスベストに関する調査について,建設省住指発第二一号,1988-01-25,建設省住宅局建築指導課長通知,http://www.mlit.go.jp/notice/noticedata/sgml/101/81000152/81000152.html,priority_accept_org: 建築指導課
懸垂物調査の実施について,建設省住指発第二二号,1988-01-25,建設省住宅局建築指導課長通知,http://www.mlit.go.jp/notice/noticedata/sgml/101/81000153/81000153.html,priority_accept_org: 建築指導課
建築基準法の一部を改正する法律等の施行について,建設省住街発第一一〇号,1987-12-03,建設省住宅局建築指導課長・建設省住宅局市街地建築課長,http://www.mlit.go.jp/notice/noticedata/sgml/101/81000151/81000151.html,priority_accept_org: 建築指導課
建築基準法の一部を改正する法律等の施行について,建設省住指発第三九五号,1987-12-03,建設省住宅局長,http://www.mlit.go.jp/notice/noticedata/sgml/101/81000150/81000150.html,strong_accept: 建築基準法
建築基準法の一部を改正する法律等の施行について,住指発第三九四号,1987-12-03,建設事務次官,http://www.mlit.go.jp/notice/noticedata/sgml/101/81000149/81000149.html,strong_accept: 建築基準法
建設業法施行令第二十七条の七の規定による昭和四十五年建設省告示第七百五十八号に定めるほか、技術検定の学科試験又は実地試験の免除を受けることができる者及び免除の範囲,建設省告示第千九百四十六号,1987-11-19,建設省,http://www.mlit.go.jp/notice/noticedata/sgml/1987/26236a02/26236a02.html,strong_accept: 建設業法
中小規模膜構造建築物及び特定膜構造建築物について,建設省住指発第三九七号,1987-11-16,建設省住宅局建築指導課長通知,http://www.mlit.go.jp/notice/noticedata/sgml/101/81000148/81000148.html,priority_accept_org: 建築指導課
建築基準法第三八条及び第六七条の二の規定に基づく認定について(特定膜構造建築物),建設省東住指発第三六二号—三,1987-11-16,建設省住宅局建築指導課長通知,http://www.mlit.go.jp/notice/noticedata/sgml/101/81000146/81000146.html,priority_accept_org: 建築指導課
通常の火災時の加熱に対して耐力の低下を有効に防止することができる主要構造部である柱又ははりを接合する継手又は仕口の構造方法を定める件,建設省告示第千九百一号,1987-11-10,国土交通省住宅局建築指導課,http://www.mlit.go.jp/notice/noticedata/pdf/201703/00006638.pdf,priority_accept_org: 建築指導課
外壁、主要構造部である柱及びはり、床、床の直下の天井、屋根、屋根の直下の天井並びに国土交通大臣が指定する建築物の部分の構造方法を定める件,建設省告示第千九百五号,1987-11-10,国土交通省住宅局建築指導課,http://www.mlit.go.jp/notice/noticedata/pdf/201703/00006641.pdf,priority_accept_org: 建築指導課
耐火構造の床又は壁を貫通する給水管、配電管その他の管の部分及びその周囲の部分の構造方法を定める件,建設省告示第千九百号,1987-11-10,国土交通省住宅局建築指導課,http://www.mlit.go.jp/notice/noticedata/pdf/201703/00006637.pdf,priority_accept_org: 建築指導課
建築基準法施行令第百三十六条の二第二号の規定に基づく外壁の開口部の面積に関する基準,建設省告示第千九百三号,1987-11-10,国土交通省住宅局建築指導課,http://www.mlit.go.jp/notice/noticedata/pdf/201703/00006640.pdf,priority_accept_org: 建築指導課
建築基準法施行令第百十五条の二第一項第九号の規定に基づく通常の火災により建築物全体が容易に倒壊するおそれのない構造であることを確かめるための構造計算の基準,建設省告示第千九百二号,1987-11-10,国土交通省住宅局建築指導課,http://www.mlit.go.jp/notice/noticedata/pdf/201703/00006639.pdf,priority_accept_org: 建築指導課
建築基準法施行令第四十六条第二項第一号ハ等の規定に基づく木造若しくは鉄骨造の建築物又は建築物の構造部分が構造耐力上安全であることを確かめるための構造計算の基準,建設省告示第千八百九十九号,1987-11-10,国土交通省住宅局建築指導課,http://www.mlit.go.jp/notice/noticedata/pdf/201703/00006636.pdf,priority_accept_org: 建築指導課
建築基準法施行令第四十二条第一項の規定に基づく地盤が軟弱な区域として特定行政庁が区域を指定する基準,建設省告示第千八百九十七号,1987-11-10,国土交通省住宅局建築指導課,http://www.mlit.go.jp/notice/noticedata/pdf/201703/00006634.pdf,priority_accept_org: 建築指導課
建築基準法施行令第四十六条第二項第一号イの規定に基づく構造耐力上主要な部分である柱及び横架材に使用する集成材その他の木材の品質の強度及び耐久性に関する基準,建設省告示第千八百九十八号,1987-11-10,国土交通省住宅局建築指導課,http://www.mlit.go.jp/notice/noticedata/pdf/201703/00006635.pdf,priority_accept_org: 建築指導課
建設省土地区画整理事業測量作業規程運用基準について,建設省都区発第六三号,1987-10-21,都市局区画整理課長,http://www.mlit.go.jp/notice/noticedata/sgml/043/77000115/77000115.html,strong_accept: 土地区画整理
社会福祉施設等における防火安全対策について,建設省住指発第三〇二号,1987-09-03,建設省住宅局建築指導課長通知,http://www.mlit.go.jp/notice/noticedata/sgml/101/81000144/81000144.html,priority_accept_org: 建築指導課
再開発型開発行為に関する開発許可制度の運用の適正化に伴う建築確認等の取扱いについて,建設省住街発第七五号,1987-08-18,建設省住宅局建築指導課長、建設省住宅局市街地建築課長通知,http://www.mlit.go.jp/notice/noticedata/sgml/101/81000143/81000143.html,priority_accept_org: 建築指導課
新三階建て木造住宅簡易構造設計基準について,建設省住指発第二一五号—二,1987-07-10,建設省住宅局建築指導課長通知,http://www.mlit.go.jp/notice/noticedata/sgml/101/81000142/81000142.html,priority_accept_org: 建築指導課
デッキプレートを用いた床版構造の取扱いについて,建設省住指発第二〇九号,1987-07-07,建設省住宅局建築指導課長通知,http://www.mlit.go.jp/notice/noticedata/sgml/100/81000141/81000141.html,priority_accept_org: 建築指導課
給油所に係る建築確認の際の取扱いについて,建設省住指発第二〇四号,1987-06-29,建設省住宅局建築指導課長通知,http://www.mlit.go.jp/notice/noticedata/sgml/100/81000140/81000140.html,priority_accept_org: 建築指導課
高度情報化建築物(インテリジェント・ビル)整備事業融資制度の運用について,住指発第一二五号,1987-04-30,建設省住宅局建築指導課長通知,http://www.mlit.go.jp/notice/noticedata/sgml/100/81000138/81000138.html,priority_accept_org: 建築指導課
土地区画整理事業の測量成果の国土調査法第十九条第五項の指定等について,建設省都区発二四号,1987-04-21,都市局区画整理課長,http://www.mlit.go.jp/notice/noticedata/sgml/043/77000114/77000114.html,strong_accept: 土地区画整理
建設業法第七条第一号イに掲げる者と同等以上の能力を有する者,建設省告示第九百四十九号,1987-04-11,建設省,http://www.mlit.go.jp/notice/noticedata/sgml/1987/26221a01/26221a01.html,strong_accept: 建設業法
建築基準法施行規則の一部改正等について,住建発第五一号,1987-04-01,建設省住宅局建築指導課長・建設省住宅局民間住宅課長・建設省住宅局住宅建設課長通知,http://www.mlit.go.jp/notice/noticedata/sgml/100/81000137/81000137.html,priority_accept_org: 建築指導課
高床式住宅に係る床面積の算定方法の特例について,住指発第一〇六号,1987-04-01,建設省住宅局建築指導課長通知,http://www.mlit.go.jp/notice/noticedata/sgml/100/81000136/81000136.html,priority_accept_org: 建築指導課
土地区画整理事業による高度情報通信基盤等整備モデル事業(コスモタウンモデル事業)の実施について,建設省都区発第二二号,1987-03-31,建設省都市局区画整理課長,http://www.mlit.go.jp/notice/noticedata/sgml/043/77000113/77000113.html,strong_accept: 土地区画整理
建設省土地区画整理事業測量作業規程について,建設省都区発第一二号,1987-02-18,建設省都市局区画整理課長,http://www.mlit.go.jp/notice/noticedata/sgml/043/77000112/77000112.html,strong_accept: 土地区画整理
中小規模膜構造建築物の取扱いについて,建設省住指発第三九三号,1987-02-16,建設省住宅局建築指導課長通知,http://www.mlit.go.jp/notice/noticedata/sgml/101/81000147/81000147.html,priority_accept_org: 建築指導課
建築士を対象とする講習の指定に関する規程を定める告示について,住指発第二三七号,1986-08-18,建設省住宅局建築指導課長通知,http://www.mlit.go.jp/notice/noticedata/sgml/106/81000306/81000306.html,priority_accept_org: 建築指導課
土地区画整理事業の施行地区に係る宅地利用の促進方策について,建設省都区発第四〇号,1986-07-28,都市局区画整理課長,http://www.mlit.go.jp/notice/noticedata/sgml/043/77000111/77000111.html,strong_accept: 土地区画整理
「コンピュータシステム・情報通信システムを設置する建築物に係る安全対策基準」について,建設省住指発第一一八号,1986-05-31,建設省住宅局建築指導課長,http://www.mlit.go.jp/notice/noticedata/sgml/100/81000129/81000129.html,priority_accept_org: 建築指導課
「ガラスを用いた開口部の安全設計指針」について,建設省住指発第一一六号,1986-05-31,住宅局建築指導課長,http://www.mlit.go.jp/notice/noticedata/sgml/100/81000128/81000128.html,priority_accept_org: 建築指導課
丸太組構法の技術基準の運用について,建設省住指発第一三八号,1986-05-28,住宅局建築指導課長,http://www.mlit.go.jp/notice/noticedata/sgml/100/81000127/81000127.html,priority_accept_org: 建築指導課
床面積の算定方法について,建設省住指発第一一五号,1986-04-30,住宅局建築指導課長通知,http://www.mlit.go.jp/notice/noticedata/sgml/100/81000126/81000126.html,priority_accept_org: 建築指導課
日本開発銀行による耐震改修(外壁改修を含む。)融資の推薦について,建設省住防発第一〇号,1986-04-25,住宅局建築物防災対策室長通知,http://www.mlit.go.jp/notice/noticedata/sgml/100/81000125/81000125.html,strong_accept: 耐震改修
建築確認事務の迅速化について,建設省住指発第七九号,1986-03-28,住宅局長通知,http://www.mlit.go.jp/notice/noticedata/sgml/100/81000123/81000123.html,strong_accept: 建築確認
建築確認対象法令について,建設省住指発第八〇号,1986-03-28,住宅局建築指導課長通知,http://www.mlit.go.jp/notice/noticedata/sgml/100/81000124/81000124.html,priority_accept_org: 建築指導課
特定住宅地造成事業等のために土地等を譲渡した場合の譲渡所得の特別控除について,建設省都区発第六号,1986-01-17,都市局区画整理課長,http://www.mlit.go.jp/notice/noticedata/sgml/043/77000109/77000109.html,strong_accept: 宅地造成
土地利用の高度化の推進等に係る建築基準法の運用改善等について,住街発第一一五号,1985-12-27,住宅局長,http://www.mlit.go.jp/notice/noticedata/sgml/100/81000121/81000121.html,strong_accept: 建築基準法
駐車場法の一部改正について,建設省都再発第七八号,1985-12-25,,http://www.mlit.go.jp/notice/noticedata/sgml/049/77000288/77000288.html,strong_accept: 駐車場法
中水道施設等を設置する建築物に係る建築基準法第五二条第四項第一号の規定の運用について,住街発第一一四号,1985-12-21,住宅局長,http://www.mlit.go.jp/notice/noticedata/sgml/100/81000119/81000119.html,strong_accept: 建築基準法
地区再開発計画の活用による都市再開発の促進について,建設省住街発第七六号,1985-09-17,,http://www.mlit.go.jp/notice/noticedata/sgml/044/77000155/77000155.html,strong_accept: 都市再開発
耐火構造の外壁に施す外断熱工法の取扱いについて,建設省住指発第五一〇号,1985-09-05,,http://www.mlit.go.jp/notice/noticedata/sgml/100/81000120/81000120.html,strong_accept: 耐火
民間住宅地造成事業等のために土地等を譲渡した場合の譲渡所得の特別控除に関する特定住宅地造成事業等の認定上留意すべき事項等について,60国土利第一四二号,1985-06-07,国土庁土地局長,http://www.mlit.go.jp/notice/noticedata/sgml/023/75000156/75000156.html,strong_accept: 宅地造成
建築物の適正な維持保全の推進について,住防発第一七号,1985-04-11,住宅局建築指導課長,http://www.mlit.go.jp/notice/noticedata/sgml/100/81000117/81000117.html,priority_accept_org: 建築指導課
民宿、ペンション等小規模宿泊施設に対する防災指導の徹底について,建設省住防発第一三号,1985-04-03,建設省住宅局建築指導課長,http://www.mlit.go.jp/notice/noticedata/sgml/100/81000115/81000115.html,priority_accept_org: 建築指導課
既存建築物の総合的な防災対策の推進について,住防発第一二号,1985-03-29,住宅局建築指導課長,http://www.mlit.go.jp/notice/noticedata/sgml/100/81000113/81000113.html,priority_accept_org: 建築指導課
建設業法第十五条第二号ロの規定による同号イに掲げる者と同等以上の能力を有する者,建設省告示第六百二十五号,1985-03-20,建設省,http://www.mlit.go.jp/notice/noticedata/sgml/1985/26227000/26227000.html,strong_accept: 建設業法
建築基準法第十二条第一項に規定する建築物の維持保全に関する準則又は計画の作成に関し必要な指針,建設省告示第六百六号,1985-03-19,国土交通省住宅局建築指導課,http://www.mlit.go.jp/notice/noticedata/pdf/201703/00006633.pdf,priority_accept_org: 建築指導課
メニュー方式による住宅供給に係る建築基準法上の手続について,建設省住指発第九五号,1985-03-07,住宅局建築指導課長通知,http://www.mlit.go.jp/notice/noticedata/sgml/099/81000111/81000111.html,priority_accept_org: 建築指導課
敷地共同利用の促進のための建築基準法第八六条第一項の規定の運用について,建設省住街発第五号,1985-02-08,住宅局長,http://www.mlit.go.jp/notice/noticedata/sgml/099/81000109/81000109.html,strong_accept: 建築基準法
敷地共同利用に係る建築基準法第八六条第一項の認定準則に関する技術基準について,建設省住街発第六号,1985-02-08,住宅局市街地建築課長,http://www.mlit.go.jp/notice/noticedata/sgml/099/81000110/81000110.html,strong_accept: 建築基準法
建築物の省エネルギー対策の推進について,住指発第五〇号,1985-02-01,住宅局建築指導課長通知,http://www.mlit.go.jp/notice/noticedata/sgml/106/81000314/81000314.html,priority_accept_org: 建築指導課
一級建築士の登録並びに建築士及び建築士事務所に関する報告等の事務取扱要領について,住指発第四八三号,1984-12-24,住宅局建築指導課長,http://www.mlit.go.jp/notice/noticedata/sgml/106/81000305/81000305.html,priority_accept_org: 建築指導課
既存建築物に対する防災指導の徹底について,建設省住防発第三三号,1984-11-21,住宅局建築指導課長,http://www.mlit.go.jp/notice/noticedata/sgml/099/81000108/81000108.html,priority_accept_org: 建築指導課
建設業法施行令第二十七条の三第三項の規定による種目、種別及び施工技術検定規則第一条第二項の規定による学科試験科目及び実地試験科目,建設省告示第千二百五十四号,1984-08-27,建設省,http://www.mlit.go.jp/notice/noticedata/sgml/1984/26228a02/26228a02.html,strong_accept: 建設業法
都市再開発法による第一種市街地再開発事業に係る租税特別措置法施行規則第一七条第一項第一号ロ及び第二二条の四第一項第一号ロの規定の運用について,建設省住街発第五四号,1984-08-01,建設省都市局都市再開発課長・建設省住宅局市街地建築課長通知,http://www.mlit.go.jp/notice/noticedata/sgml/044/77000153/77000153.html,strong_accept: 都市再開発
建築物の防災改修に係る融資について,建設省住指発第二二二号,1984-06-28,住宅局建築指導課長,http://www.mlit.go.jp/notice/noticedata/sgml/099/81000107/81000107.html,priority_accept_org: 建築指導課
建築基準法第七条の二に規定する建築物の建築の工事であることの確認について,建設省住指発第二一四号,1984-06-21,住宅局建築指導課長通知,http://www.mlit.go.jp/notice/noticedata/sgml/099/81000106/81000106.html,priority_accept_org: 建築指導課
市街地再開発事業等における商業調整等について,住街発第四五号,1984-05-23,建設省都市局都市計画課長・建設省都市局都市再開発課長・建設省住宅局市街地建築課長,http://www.mlit.go.jp/notice/noticedata/sgml/044/77000150/77000150.html,strong_accept: 都市再開発
市街地再開発事業等における商業調整について,住街発第四六号,1984-05-23,建設省都市局都市計画課長・建設省都市局都市再開発課長・建設省住宅局市街地建築課長,http://www.mlit.go.jp/notice/noticedata/sgml/044/77000151/77000151.html,strong_accept: 都市再開発
建築基準法第一二条の規定に基づく定期報告対象建築物等の指定について,建設省住防発第一四号,1984-05-09,住宅局建築指導課建築物防災対策室長通知,http://www.mlit.go.jp/notice/noticedata/sgml/099/81000105/81000105.html,priority_accept_org: 建築指導課
第一種住居専用地域内における三階建住宅の高さ制限の緩和について,建設省住街発第三五号,1984-04-19,住宅局長,http://www.mlit.go.jp/notice/noticedata/sgml/099/81000104/81000104.html,strong_accept: 高さ制限
建築基準法第五二条第三項の許可準則に関する技術基準について,建設省住街発第三三号,1984-04-19,住宅局市街地建築課長,http://www.mlit.go.jp/notice/noticedata/sgml/099/81000102/81000102.html,strong_accept: 建築基準法
建築基準法第一二条の規定に基づく定期報告対象建築物等の指定について,建設省住指発第一二五号,1984-04-02,住宅局建築指導課長通知,http://www.mlit.go.jp/notice/noticedata/sgml/099/81000100/81000100.html,priority_accept_org: 建築指導課
建築士法及び建築基準法の一部を改正する法律等の施行について,建設省住指発第一一六号,1984-03-31,,http://www.mlit.go.jp/notice/noticedata/sgml/099/81000099/81000099.html,strong_accept: 建築基準法 / strong_accept: 建築士法
建築士法及び建築基準法の一部を改正する法律等の施行について,住指発第一一五号,1984-03-31,,http://www.mlit.go.jp/notice/noticedata/sgml/106/81000303/81000303.html,strong_accept: 建築基準法 / strong_accept: 建築士法
建築士法及び建築基準法の一部を改正する法律等の施行について,住指発第一一六号,1984-03-31,,http://www.mlit.go.jp/notice/noticedata/sgml/106/81000304/81000304.html,strong_accept: 建築基準法 / strong_accept: 建築士法
建設業法施行令第二十七条の七の規定による昭和四十五年建設省告示第七百五十八号に定めるほか、技術検定の学科試験又は実地試験の免除を受けることができる者及び免除の範囲,建設省告示第百十八号,1984-02-06,建設省,http://www.mlit.go.jp/notice/noticedata/sgml/1984/26236a01/26236a01.html,strong_accept: 建設業法
建設業法施行令第二十七条の三第三項の規定による種目、種別及び施工技術検定規則第一条第二項の規定による学科試験科目及び実地試験科目,建設省告示第千五百八号,1983-08-31,建設省,http://www.mlit.go.jp/notice/noticedata/sgml/1983/26228a01/26228a01.html,strong_accept: 建設業法
建築基準法施行令第八十条の二第二号の規定に基づくプレストレストコンクリート造の建築物又は建築物の構造部分の構造方法に関する安全上必要な技術的基準等,建設省告示第千三百二十号,1983-07-25,国土交通省住宅局建築指導課,http://www.mlit.go.jp/notice/noticedata/pdf/201703/00006632.pdf,priority_accept_org: 建築指導課
土地区画整理法による公共施設管理者の負担金制度を活用した都市計画街路事業の推進について,建設省都街発第一七号,1983-06-15,建設省都市局街路課長・建設省都市局区画整理課長通知,http://www.mlit.go.jp/notice/noticedata/sgml/031/76000111/76000111.html,strong_accept: 土地区画整理
旅館及びホテルの防災対策の推進について(防火避難施設の改修にかかる融資について),建設省住防発第一五号,1983-05-30,住宅局建築物防災対策室長通知,http://www.mlit.go.jp/notice/noticedata/sgml/099/81000098/81000098.html,strong_accept: 防火 / strong_accept: 避難
旅館、ホテル等の防災対策の推進及び消防庁の防火基準適合表示制度の取扱いについて,建設省住防発第一四号,1983-04-15,住宅局建築物防災対策室長通知,http://www.mlit.go.jp/notice/noticedata/sgml/099/81000097/81000097.html,strong_accept: 防火
地方税法附則第一六条第五項又は第六項に基づく市街地再開発事業等に係る固定資産税の減額措置の取扱いについて,建設省住街発第五〇号,1983-04-01,建設省都市局都市再開発課長・建設省住宅局市街地建築課長通知,http://www.mlit.go.jp/notice/noticedata/sgml/044/77000149/77000149.html,strong_accept: 都市再開発
旅館及びホテルの防災対策の推進について,建設省住防発第一号,1983-01-31,住宅局建築指導課建築物防災対策室長通知,http://www.mlit.go.jp/notice/noticedata/sgml/099/81000096/81000096.html,priority_accept_org: 建築指導課
建設業法施行規則別記様式第十五号及び第十六号の国土交通大臣の定める勘定科目の分類,建設省告示第千六百六十号,1982-10-12,建設省,http://www.mlit.go.jp/notice/noticedata/sgml/1982/26220000/26220000.html,strong_accept: 建設業法
都市計画法に基づく区域区分の見直しに伴い国土利用計画法の運用において留意すべき事項について,57国土利第四一三号,1982-09-30,通知,http://www.mlit.go.jp/notice/noticedata/sgml/019/75000035/75000035.html,strong_accept: 都市計画法
都市再開発方針の策定とこれに基づく再開発の推進について,住街発第四二号,1982-05-27,建設省都市局都市計画課長・建設省都市局都市再開発課長・建設省都市局区画整理課長・建設省住宅局住宅建設課長・建設省住宅局市街地建築課長,http://www.mlit.go.jp/notice/noticedata/sgml/044/77000148/77000148.html,strong_accept: 都市再開発
旅館及びホテルの防災計画の指導等について,建設省住防発第一六号,1982-05-20,住宅局建築指導課建築物防災対策室長通知,http://www.mlit.go.jp/notice/noticedata/sgml/099/81000095/81000095.html,priority_accept_org: 建築指導課
建築物防災対策要綱に基づく特定の既存建築物の防災対策の推進について,建設省住防発第八号,1982-02-27,住宅局建築指導課建築物防災対策室長通知,http://www.mlit.go.jp/notice/noticedata/sgml/099/81000094/81000094.html,priority_accept_org: 建築指導課
定期調査等の報告件数等の報告について,建設省住防発第三号,1982-01-26,住宅局建築指導課長通知,http://www.mlit.go.jp/notice/noticedata/sgml/099/81000093/81000093.html,priority_accept_org: 建築指導課
建築基準法施行規則の一部改正について,建設省住指発第三一九号,1981-12-28,住宅局建築指導課長通知,http://www.mlit.go.jp/notice/noticedata/sgml/099/81000092/81000092.html,priority_accept_org: 建築指導課
都市計画法及び建築基準法の一部改正について,建設省計民発第二九号,1981-10-06,計画局長・都市局長・住宅局長,http://www.mlit.go.jp/notice/noticedata/sgml/099/81000091/81000091.html,strong_accept: 建築基準法 / strong_accept: 都市計画法
都市計画法及び建築基準法の一部改正について,建設省計民発第二九号,1981-10-06,建設省計画局長、建設省都市局長、建設省住宅局長,http://www.mlit.go.jp/notice/noticedata/sgml/028/76000028/76000028.html,strong_accept: 建築基準法 / strong_accept: 都市計画法
農住組合の行う土地区画整理事業について,建設省都区発第三八号,1981-10-06,建設省都市局区画整理課長通知,http://www.mlit.go.jp/notice/noticedata/sgml/022/75000118/75000118.html,strong_accept: 土地区画整理
農住組合の行う土地区画整理事業について,建設省都区発第三六号,1981-09-24,建設省都市局長,http://www.mlit.go.jp/notice/noticedata/sgml/022/75000117/75000117.html,strong_accept: 土地区画整理
溶接の高度の品質を確保し得る作業方法の条件について,建設省住指発第二二〇号,1981-09-01,住宅局建築指導課長通知,http://www.mlit.go.jp/notice/noticedata/sgml/099/81000090/81000090.html,priority_accept_org: 建築指導課
建築物防災対策要綱に基づく対象建築物のうち未計画のもの等の状況報告について,建設省住防発第二六号,1981-08-10,住宅局建築指導課建築物防災対策室長,http://www.mlit.go.jp/notice/noticedata/sgml/099/81000089/81000089.html,priority_accept_org: 建築指導課
都市計画法及び建築基準法の一部改正について,都計発第一〇九号,1981-08-05,建設事務次官,http://www.mlit.go.jp/notice/noticedata/sgml/028/76000027/76000027.html,strong_accept: 建築基準法 / strong_accept: 都市計画法
消防庁の表示・公表制度について,建設省住防発第二二号,1981-06-16,住宅局建築指導課建築物防災対策室長通知,http://www.mlit.go.jp/notice/noticedata/sgml/099/81000088/81000088.html,priority_accept_org: 建築指導課
建築基準法施行令第百二十九条の二の二第一項第九号の規定に基づく三階以上の階を共同住宅の用途に供する建築物の住戸に設けるガスの配管設備の基準,建設省告示第千九十九号,1981-06-01,国土交通省住宅局建築指導課,http://www.mlit.go.jp/notice/noticedata/pdf/201703/00006626.pdf,priority_accept_org: 建築指導課
建築基準法施行令第百十五条第一項第一号から第三号までの規定を適用しないことにつき防火上支障がない煙突の基準を定める件,建設省告示第千九十八号,1981-06-01,国土交通省住宅局建築指導課,http://www.mlit.go.jp/notice/noticedata/pdf/201703/00006625.pdf,priority_accept_org: 建築指導課
建築基準法施行令第百三十六条の三第五項第三号イただし書の規定に基づく腹起しに用いる木材の許容応力度,建設省告示第千百五号,1981-06-01,国土交通省住宅局建築指導課,http://www.mlit.go.jp/notice/noticedata/pdf/201703/00006629.pdf,priority_accept_org: 建築指導課
建築基準法施行令第四十六条第四項表一（一）項から（七）項までに掲げる軸組と同等以上の耐力を有する軸組及び当該軸組に係る倍率の数値,建設省告示第千百号,1981-06-01,国土交通省住宅局建築指導課,http://www.mlit.go.jp/notice/noticedata/pdf/201703/00006627.pdf,priority_accept_org: 建築指導課
建築基準法施行令第百十五条第一項第八号の規定に基づくボイラーの燃料消費量並びにボイラーの煙突の煙道接続口の中心から頂部までの高さの基準及び防火上必要な構造の基準,建設省告示第千百十二号,1981-06-01,国土交通省住宅局建築指導課,http://www.mlit.go.jp/notice/noticedata/pdf/201703/00006631.pdf,priority_accept_org: 建築指導課
建築基準法施行令第七十四条第一項第二号の規定に基づく設計基準強度との関係において安全上必要なコンクリートの強度の基準及び同条第二項の規定に基づくコンクリートの強度試験,建設省告示第千百二号,1981-06-01,国土交通省住宅局建築指導課,http://www.mlit.go.jp/notice/noticedata/pdf/201703/00006628.pdf,priority_accept_org: 建築指導課
建築基準法施行令第七十七条第三号の規定に基づく鉄筋コンクリート造の柱の帯筋比を算出する方法,建設省告示第千百六号,1981-06-01,国土交通省住宅局建築指導課,http://www.mlit.go.jp/notice/noticedata/pdf/201703/00006630.pdf,priority_accept_org: 建築指導課
換地を伴う土地改良事業及び土地区画整理事業と地籍調査との調整等について,56国土国第一九八号,1981-05-26,国土庁土地局長,http://www.mlit.go.jp/notice/noticedata/sgml/023/75000149/75000149.html,strong_accept: 土地区画整理
建築基準法施行令の一部改正(一般構造及び建築設備関係)について,建設省住指発第九九号,1981-05-01,住宅局建築指導課長,http://www.mlit.go.jp/notice/noticedata/sgml/099/81000087/81000087.html,priority_accept_org: 建築指導課
建築基準法施行令の一部改正(構造方法関係)について,住指発第九七号,1981-05-01,,http://www.mlit.go.jp/notice/noticedata/sgml/099/81000086/81000086.html,strong_accept: 建築基準法 / strong_accept: 構造方法
建築基準法施行令の一部改正(構造計算関係)について,住指発第九六号,1981-05-01,,http://www.mlit.go.jp/notice/noticedata/sgml/099/81000085/81000085.html,strong_accept: 建築基準法 / strong_accept: 構造計算
都市再開発法の一部改正について,住街発第一八号,1981-04-01,,http://www.mlit.go.jp/notice/noticedata/sgml/044/77000144/77000144.html,strong_accept: 都市再開発
建設業法施行令第二十七条の七の規定による昭和四十五年建設省告示第七百五十八号に定めるほか、技術検定の学科試験又は実地試験の免除を受けることができる者及び免除の範囲,建設省告示第五百六号,1981-03-16,建設省,http://www.mlit.go.jp/notice/noticedata/sgml/1981/26236a00/26236a00.html,strong_accept: 建設業法
土地区画整理事業の施行地区に係る宅地利用の促進方策について,建設省都区発第六七号,1980-12-10,都市局区画整理課長,http://www.mlit.go.jp/notice/noticedata/sgml/043/77000107/77000107.html,strong_accept: 土地区画整理
建築基準法施行令第十九条第三項ただし書の規定に基づく照明設備の設置、有効な採光方法の確保その他これらに準ずる措置の基準及び居室の窓その他の開口部で採光に有効な部分の面積のその床面積に対する割合で国土交通大臣が別に定めるもの,建設省告示第千八百号,1980-12-01,国土交通省住宅局建築指導課,http://www.mlit.go.jp/notice/noticedata/pdf/201703/00006624.pdf,priority_accept_org: 建築指導課
建築物の地震に対する安全性を確かめるために必要な構造計算の基準を定める件,建設省告示第千七百九十一号,1980-11-27,国土交通省住宅局建築指導課,http://www.mlit.go.jp/notice/noticedata/pdf/201703/00006622.pdf,priority_accept_org: 建築指導課
建築基準法施行令第八十二条の二の規定に基づく特定建築物,建設省告示第千七百九十号,1980-11-27,建設省,http://www.mlit.go.jp/notice/noticedata/sgml/1980/26041000/26041000.html,strong_accept: 建築基準法
建築基準法施行令第八十八条第一項、第二項及び第四項の規定に基づくZの数値、Rt及びAiを算出する方法並びに地盤が著しく軟弱な区域として特定行政庁が指定する基準,建設省告示第千七百九十三号,1980-11-27,国土交通省住宅局建築指導課,http://www.mlit.go.jp/notice/noticedata/pdf/201703/00006623.pdf,priority_accept_org: 建築指導課
建築基準法施行令の一部改正について,建設省住指発第二三一号,1980-09-18,住宅局長通知,http://www.mlit.go.jp/notice/noticedata/sgml/099/81000084/81000084.html,strong_accept: 建築基準法
地震防災対策強化地域における地震対策緊急整備事業に係る国の財政上の特別措置に関する法律第三条第一項及び大規模地震対策特別措置法施行令第二条第一号の規定に基づく緊急輸送を確保するため必要な港湾施設の基準及び津波により生ずる被害の発生を防止し、又は軽減することにより円滑な避難を確保するため必要な海岸保全施設の基準,運輸省告示第三百四十六号,1980-07-18,運輸省,http://www.mlit.go.jp/notice/noticedata/sgml/1980/25071000/25071000.html,strong_accept: 避難
地震防災対策強化地域における地震対策緊急整備事業に係る国の財政上の特別措置に関する法律第三条第一項及び大規模地震対策特別措置法施行令第二条第一号の規定に基づく避難地等に係る主務大臣が定める基準,建設省告示第千三百二十一号,1980-07-18,建設省,http://www.mlit.go.jp/notice/noticedata/sgml/1980/25069000/25069000.html,strong_accept: 避難
屎尿浄化槽及び合併処理浄化槽の構造方法を定める件,建設省告示第千二百九十二号,1980-07-14,国土交通省住宅局建築指導課,http://www.mlit.go.jp/notice/noticedata/pdf/201703/00006621.pdf,priority_accept_org: 建築指導課
建築基準法第一二条の規定に基づく定期検査に係る昇降機の指定方針(案)について,建設省住指発第二三二号,1979-11-08,住宅局建築指導課長通知,http://www.mlit.go.jp/notice/noticedata/sgml/099/81000082/81000082.html,priority_accept_org: 建築指導課
建築物防災対策要綱に基づく措置状況の報告について,建設省住指発第二二七号,1979-10-30,住宅局建築指導課長,http://www.mlit.go.jp/notice/noticedata/sgml/098/81000081/81000081.html,priority_accept_org: 建築指導課
中小雑居ビルの防災対策の推進について,建設省住指発第一六〇号,1979-07-23,建設省住宅局建築指導課長通知,http://www.mlit.go.jp/notice/noticedata/sgml/098/81000080/81000080.html,priority_accept_org: 建築指導課
建築物の防災対策の推進について,建設省住指発第六一号,1979-03-30,住宅局建築指導課長,http://www.mlit.go.jp/notice/noticedata/sgml/098/81000077/81000077.html,priority_accept_org: 建築指導課
工事中の建築物の安全確保について,建設省住指発第八〇五号,1978-11-07,住宅局建築指導課長,http://www.mlit.go.jp/notice/noticedata/sgml/098/81000074/81000074.html,priority_accept_org: 建築指導課
水平震度の数値を減らす基準等について,建設省住指発第八〇六号,1978-11-07,建設省住宅局建築指導課長通知,http://www.mlit.go.jp/notice/noticedata/sgml/098/81000075/81000075.html,priority_accept_org: 建築指導課
都市緑地保全法第五条第一項に基づく行為許可の基準の変更について,都緑対発第四号,1978-06-02,,http://www.mlit.go.jp/notice/noticedata/sgml/035/76000234/76000234.html,strong_accept: 都市緑地
都市緑地保全法第五条第一項に基づく行為許可の基準の変更について,都緑対発第三号,1978-06-01,,http://www.mlit.go.jp/notice/noticedata/sgml/035/76000233/76000233.html,strong_accept: 都市緑地
二以上の用途を兼ねる建築物に対する建築基準法施行令第一四七条の二の適用について,建設省住指発第八〇〇号,1977-11-24,住宅局建築指導課長,http://www.mlit.go.jp/notice/noticedata/sgml/098/81000072/81000072.html,priority_accept_org: 建築指導課
建築基準法の一部を改正する法律等の施行について,住指発第七七八号,1977-10-31,建設省住宅局建築指導課長・市街地建築課長,http://www.mlit.go.jp/notice/noticedata/sgml/098/81000071/81000071.html,priority_accept_org: 建築指導課
建築基準法の一部を改正する法律等の施行について,住指発第七七〇号,1977-10-28,建設事務次官,http://www.mlit.go.jp/notice/noticedata/sgml/098/81000069/81000069.html,strong_accept: 建築基準法
建築基準法の一部を改正する法律等の施行について,住指発第七七一号,1977-10-28,建設省住宅局長,http://www.mlit.go.jp/notice/noticedata/sgml/098/81000070/81000070.html,strong_accept: 建築基準法
建築基準法施行令の一部を改正する政令(昭和五二年政令第二六六号)の公布について,都公緑発第一一二号,1977-10-28,,http://www.mlit.go.jp/notice/noticedata/sgml/034/76000198/76000198.html,strong_accept: 建築基準法
コンピュータにより構造計算を行う建築物の確認申請書の添付図書の省略について,建設省住指発第三四九号,1977-05-13,住宅局建築指導課長通知,http://www.mlit.go.jp/notice/noticedata/sgml/098/81000066/81000066.html,priority_accept_org: 建築指導課
宅地建物にかかる取引条件の明確化、工事施工の適正化、建築物の設計及び工事監理の適正化等について,計動発第六〇号,1976-12-11,建設省計画局長・住宅局長,http://www.mlit.go.jp/notice/noticedata/sgml/015/74000426/74000426.html,strong_accept: 工事監理
宅地建物にかかる取引条件の明確化、工事施工の適正化、建築物の設計及び工事監理の適正化等について,計動発第六一号,1976-12-11,建設省計画局長・住宅局長,http://www.mlit.go.jp/notice/noticedata/sgml/015/74000427/74000427.html,strong_accept: 工事監理
都市再開発法の一部改正について,都再発第一九号,1976-04-01,建設省都市局長・建設省住宅局長,http://www.mlit.go.jp/notice/noticedata/sgml/044/77000142/77000142.html,strong_accept: 都市再開発
減価補償金を交付すべきこととなる土地区画整理事業における公共施設充当用地の買取りに係る租税特別措置法施行規則第一四条第七項第五号の一〇及び第二二条の三第四項第一号の規定の運用について,建設省建計宅発第一〇五号,1975-12-24,計画局宅地開発課長及び都市局区画整理課長,http://www.mlit.go.jp/notice/noticedata/sgml/043/77000106/77000106.html,strong_accept: 土地区画整理
建築物に設ける飲料水の配管設備及び排水のための配管設備の構造方法を定める件,建設省告示第千五百九十七号,1975-12-20,国土交通省住宅局建築指導課,http://www.mlit.go.jp/notice/noticedata/pdf/201703/00006620.pdf,priority_accept_org: 建築指導課
耐火構造等の指定申請及び防火材料等の認定申請の経路の変更等について,建設省住指発第二五六号,1975-04-30,住宅局建築指導課長,http://www.mlit.go.jp/notice/noticedata/sgml/098/81000065/81000065.html,priority_accept_org: 建築指導課
外装材等建築物の屋外に面する部分及び広告塔等建築物の屋外に取り付けるものの点検について,建設省住指発第二四九号,1975-04-17,住宅局建築指導課長通知,http://www.mlit.go.jp/notice/noticedata/sgml/098/81000064/81000064.html,priority_accept_org: 建築指導課
建築基準法施行令第二条第一項第五号の規定に基づく工作物の築造面積の算定方法,建設省告示第六百四十四号,1975-04-01,国土交通省住宅局建築指導課,http://www.mlit.go.jp/notice/noticedata/pdf/201703/00006619.pdf,priority_accept_org: 建築指導課
建築基準法第一八条に規定する国の建築物の場合の取扱方法の改正について,建設省住街発第七号,1975-03-29,事務次官,http://www.mlit.go.jp/notice/noticedata/sgml/098/81000063/81000063.html,strong_accept: 建築基準法
建築基準法等の一部改正について,建設省住街発第六号,1975-03-25,建設省住宅局市街地建築課長,http://www.mlit.go.jp/notice/noticedata/sgml/098/81000062/81000062.html,strong_accept: 建築基準法
建築基準法等の一部改正について,建設省住街発第五号,1975-03-24,住宅局長,http://www.mlit.go.jp/notice/noticedata/sgml/098/81000061/81000061.html,strong_accept: 建築基準法
建築基準法施行令第百十二条第十六項の規定に基づく風道の耐火構造等の防火区画を貫通する部分等にダンパーを設けないことにつき防火上支障がないと認める場合,建設省告示第千五百七十九号,1974-12-28,国土交通省住宅局建築指導課,http://www.mlit.go.jp/notice/noticedata/pdf/201703/00006618.pdf,priority_accept_org: 建築指導課
建築基準法施行令第一一二条第一六項の規定に基づく建設大臣の指定及び同法第三八条の規定に基づく建設大臣の定める構造基準について,建設省住指発第九七三号,1974-12-28,建設省住宅局建築指導課長,http://www.mlit.go.jp/notice/noticedata/sgml/098/81000060/81000060.html,priority_accept_org: 建築指導課
違反建築物の設計者等に対する通知について,建設省住指発第五九三号,1974-07-17,住宅局建築指導課長通知,http://www.mlit.go.jp/notice/noticedata/sgml/098/81000059/81000059.html,priority_accept_org: 建築指導課
防火区画を貫通する風道に設ける防火設備の構造方法を定める件,建設省告示第二千五百六十五号,1973-12-28,国土交通省住宅局建築指導課,http://www.mlit.go.jp/notice/noticedata/pdf/201703/00006617.pdf,priority_accept_org: 建築指導課
防火区画に用いる防火設備等の構造方法を定める件,建設省告示第二千五百六十三号,1973-12-28,国土交通省住宅局建築指導課,http://www.mlit.go.jp/notice/noticedata/pdf/201703/00006615.pdf,priority_accept_org: 建築指導課
防火区画に用いる遮煙性能を有する防火設備の構造方法を定める件,建設省告示第二千五百六十四号,1973-12-28,国土交通省住宅局建築指導課,http://www.mlit.go.jp/notice/noticedata/pdf/201703/00006616.pdf,priority_accept_org: 建築指導課
活動火山周辺地域における避難施設等の整備等に関する法律の施行について,48総第九〇九号,1973-10-18,農林事務次官・総理府総務副長官,http://www.mlit.go.jp/notice/noticedata/sgml/041/77000066/77000066.html,strong_accept: 避難
建築基準法施行令の一部改正について,建設省住指発第六六〇号,1973-09-17,住宅局長通知,http://www.mlit.go.jp/notice/noticedata/sgml/098/81000058/81000058.html,strong_accept: 建築基準法
建設業法施行令第二十七条の三第三項の規定による種目、種別及び施工技術検定規則第一条第二項の規定による学科試験科目及び実地試験科目,建設省告示第八百六十号,1973-04-10,建設省,http://www.mlit.go.jp/notice/noticedata/sgml/1973/26228a00/26228a00.html,strong_accept: 建設業法
身体障害者の入居に係る公営住宅の管理について,住総発第一四号,1973-01-26,建設省住宅局長,http://www.mlit.go.jp/notice/noticedata/sgml/087/80000083/80000083.html,priority_accept_keyword: 身体障害者
用途地域等の決定と建築行政について,建設省住街発第八〇号,1972-10-25,住宅局長,http://www.mlit.go.jp/notice/noticedata/sgml/098/81000055/81000055.html,strong_accept: 用途地域
建築基準法の施行に関する報告について,住指発第六五七号,1972-08-15,建設事務次官,http://www.mlit.go.jp/notice/noticedata/sgml/098/81000054/81000054.html,strong_accept: 建築基準法
都市計画法に基づく許可を要する開発行為に伴う国有財産である公共施設の取扱いについて,会発第六八六号,1972-08-01,建設省大臣官房会計課長通知,http://www.mlit.go.jp/notice/noticedata/sgml/030/76000091/76000091.html,strong_accept: 都市計画法
建設業法の一部を改正する法律の施行及び運用について,建設省計建発第四六号,1972-03-18,計画局長,http://www.mlit.go.jp/notice/noticedata/sgml/013/74000364/74000364.html,strong_accept: 建設業法
建設業法第七条第一号イに掲げる者と同等以上の能力を有する者,建設省告示第三百五十一号,1972-03-08,建設省,http://www.mlit.go.jp/notice/noticedata/sgml/1972/26221a00/26221a00.html,strong_accept: 建設業法
建設業法第二条第一項の別表の上欄に掲げる建設工事の内容,建設省告示第三百五十号,1972-03-08,建設省,http://www.mlit.go.jp/notice/noticedata/sgml/1972/26219000/26219000.html,strong_accept: 建設業法
建設業法第七条第二号イ又はロに掲げる者と同等以上の知識及び技術又は技能を有する者,建設省告示第三百五十二号,1972-03-08,建設省,http://www.mlit.go.jp/notice/noticedata/sgml/1972/26222000/26222000.html,strong_accept: 建設業法
都市計画法第二九条の規定による許可を受けた開発区域内の土地の地目の変更登記について,法務省民事甲第六九九号,1972-02-16,回答,http://www.mlit.go.jp/notice/noticedata/sgml/030/76000092/76000092.html,strong_accept: 都市計画法
建築基準法第一二条第一項および第二項に規定する特殊建築物の定期調査報告および昇降機その他の建築設備の定期検査報告の推進について,住指発第九一八号,1971-12-28,,http://www.mlit.go.jp/notice/noticedata/sgml/098/81000053/81000053.html,strong_accept: 建築基準法
駐車場法及び関係法令の一部改正について,都再発第五四号,1971-10-16,建設省都市局長,http://www.mlit.go.jp/notice/noticedata/sgml/049/77000287/77000287.html,strong_accept: 駐車場法
建築基準法第二三条に規定する土塗壁と同等以上の延焼防止の効力を有する構造の基準について,建設省住指発第四八七号,1971-08-12,,http://www.mlit.go.jp/notice/noticedata/sgml/097/81000051/81000051.html,strong_accept: 建築基準法
建設業法施行令第二十七条の五第一項第四号及び第二項第三号の規定による昭和三十五年建設省告示第二千二百七号及び昭和三十七年建設省告示第二千七百五十五号に定める者のほか技術検定の受検資格を有する者,建設省告示第二百九十二号,1971-03-05,建設省,http://www.mlit.go.jp/notice/noticedata/sgml/1971/26232000/26232000.html,strong_accept: 建設業法
建築基準法施行令第三十九条第二項の規定に基づく屋根ふき材等の構造方法,建設省告示第百九号,1971-01-29,国土交通省住宅局建築指導課,http://www.mlit.go.jp/notice/noticedata/pdf/201703/00006612.pdf,priority_accept_org: 建築指導課
建築基準法施行令第七十六条第二項の規定に基づく現場打コンクリートの型わく及び支柱の取りはずしに関する基準,建設省告示第百十号,1971-01-29,国土交通省住宅局建築指導課,http://www.mlit.go.jp/notice/noticedata/pdf/201703/00006613.pdf,priority_accept_org: 建築指導課
建築基準法施行令第百二十九条の十三の三第六項の規定に基づく非常用エレベーターのかご及びその出入口の寸法並びにかごの積載荷重の数値を定める日本工業規格,建設省告示第百十二号,1971-01-29,国土交通省住宅局建築指導課,http://www.mlit.go.jp/notice/noticedata/pdf/201703/00006614.pdf,priority_accept_org: 建築指導課
建築基準法の一部を改正する法律等の施行及び運用について,住指発第四四号,1971-01-29,のうち,http://www.mlit.go.jp/notice/noticedata/sgml/097/81000049/81000049.html,strong_accept: 建築基準法
建築基準法施行令第百二十六条の七第七号の規定に基づく非常用の進入口の機能を確保するために必要な構造の基準,建設省告示第千八百三十一号,1970-12-28,国土交通省住宅局建築指導課,http://www.mlit.go.jp/notice/noticedata/pdf/201703/00006610.pdf,priority_accept_org: 建築指導課
非常用の照明装置の構造方法を定める件,建設省告示第千八百三十号,1970-12-28,国土交通省住宅局建築指導課,http://www.mlit.go.jp/notice/noticedata/pdf/201706/00006702.pdf,priority_accept_org: 建築指導課
建築基準法施行令第百四十四条の四第一項第一号ハの規定により国土交通大臣が定める自動車の転回広場に関する基準,建設省告示第千八百三十七号,1970-12-28,建設省,http://www.mlit.go.jp/notice/noticedata/sgml/1970/26086000/26086000.html,strong_accept: 建築基準法
中央管理方式の空気調和設備の構造方法を定める件,建設省告示第千八百三十二号,1970-12-28,国土交通省住宅局建築指導課,http://www.mlit.go.jp/notice/noticedata/pdf/201703/00006611.pdf,priority_accept_org: 建築指導課
建築基準法施行令第百三十条の四第五号の規定により国土交通大臣が指定する建築物,建設省告示第千八百三十六号,1970-12-28,建設省,http://www.mlit.go.jp/notice/noticedata/sgml/1970/26087000/26087000.html,strong_accept: 建築基準法
火災時に生ずる煙を有効に排出することができる排煙設備の構造方法を定める件,建設省告示第千八百二十九号,1970-12-28,国土交通省住宅局建築指導課,http://www.mlit.go.jp/notice/noticedata/pdf/201703/00006608.pdf,priority_accept_org: 建築指導課
遮音性能を有する長屋又は共同住宅の界壁の構造方法を定める件,建設省告示第千八百二十七号,1970-12-28,国土交通省住宅局建築指導課,http://www.mlit.go.jp/notice/noticedata/pdf/201703/00006607.pdf,priority_accept_org: 建築指導課
換気設備の構造方法を定める件,建設省告示第千八百二十六号,1970-12-28,国土交通省住宅局建築指導課,http://www.mlit.go.jp/notice/noticedata/pdf/201703/00006606.pdf,priority_accept_org: 建築指導課
建築基準法の一部を改正する法律の公布及び建築基準法の運用について,住指発第三二六号,1970-07-24,建設事務次官,http://www.mlit.go.jp/notice/noticedata/sgml/097/81000044/81000044.html,strong_accept: 建築基準法
建築確認申請書の不適合部分の訂正処理について,住指発第二九五号,1970-06-29,通知,http://www.mlit.go.jp/notice/noticedata/sgml/097/81000043/81000043.html,strong_accept: 確認申請 / strong_accept: 建築確認
建設業法施行令第二十七条の七の規定に基づく技術検定の学科試験又は実地試験の免除を受けることができる者及び免除の範囲,建設省告示第七百五十八号,1970-05-07,建設省,http://www.mlit.go.jp/notice/noticedata/sgml/1970/26235000/26235000.html,strong_accept: 建設業法
地下街の各構えの接する地下道に設ける非常用の照明設備、排煙設備及び排水設備の構造方法を定める件,建設省告示第千七百三十号,1970-05-01,国土交通省住宅局建築指導課,http://www.mlit.go.jp/notice/noticedata/pdf/201703/00006604.pdf,priority_accept_org: 建築指導課
宅地建物取引業者等の監督について,計建発第二〇号,1970-03-23,建設省計画局宅地部宅地政策課長・建設省計画局宅地部宅地開発課長・建設省計画局建設業課長・建設省住宅局建築指導課長,http://www.mlit.go.jp/notice/noticedata/sgml/014/74000414/74000414.html,priority_accept_org: 建築指導課
都市計画法施行規則第十九条第一号ホの国土交通大臣が定める部門,建設省告示第三十九号,1970-01-12,建設省,http://www.mlit.go.jp/notice/noticedata/sgml/1970/21206000/21206000.html,strong_accept: 都市計画法
都市計画法施行規則第十九条第一号イからヘまでに掲げる者と同等以上の知識及び経験を有する者,建設省告示第三十八号,1970-01-12,建設省,http://www.mlit.go.jp/notice/noticedata/sgml/1970/21207000/21207000.html,strong_accept: 都市計画法
都市再開発法の施行について,都再発第八七号,1969-12-23,建設事務次官,http://www.mlit.go.jp/notice/noticedata/sgml/044/77000139/77000139.html,strong_accept: 都市再開発
都市再開発法の施行について,都再発第八八号,1969-12-23,建設省都市局長・建設省住宅局長,http://www.mlit.go.jp/notice/noticedata/sgml/044/77000140/77000140.html,strong_accept: 都市再開発
準不燃材料及び難燃材料の指定に関する建設省告示の改正並びに防火材料認定要領の改正について,建設省住指発第三五二号,1969-09-02,,http://www.mlit.go.jp/notice/noticedata/sgml/097/81000042/81000042.html,strong_accept: 防火 / strong_accept: 不燃 / strong_accept: 準不燃
防火材料認定要領,建設省住指発第三二五号,1969-08-25,,http://www.mlit.go.jp/notice/noticedata/sgml/097/81000041/81000041.html,strong_accept: 防火
建築基準法施行令第三十二条第一項表中の規定に基づく処理対象人員の算定方法,建設省告示第三千百八十四号,1969-07-03,国土交通省住宅局建築指導課,http://www.mlit.go.jp/notice/noticedata/pdf/201703/00006605.pdf,priority_accept_org: 建築指導課
建築基準法に基づく耐火構造の指定の方法の改正について,住指発第二四四号,1969-06-18,,http://www.mlit.go.jp/notice/noticedata/sgml/097/81000040/81000040.html,strong_accept: 建築基準法 / strong_accept: 耐火
都市計画法の施行について,都計発第七三号,1969-06-14,建設事務次官,http://www.mlit.go.jp/notice/noticedata/sgml/027/76000008/76000008.html,strong_accept: 都市計画法
建築基準法施行令第百二十八条の三第一項第一号の規定に基づく地下街の各構えの接する地下道の壁等の耐火性能,建設省告示第千七百二十九号,1969-05-01,国土交通省住宅局建築指導課,http://www.mlit.go.jp/notice/noticedata/pdf/201703/00006603.pdf,priority_accept_org: 建築指導課
建築基準法施行令の一部を改正する政令の施行について,住指発第一四九号,1969-05-01,通知,http://www.mlit.go.jp/notice/noticedata/sgml/097/81000037/81000037.html,strong_accept: 建築基準法
建築基準法施行令の一部改正について,住指発第二五号,1969-03-03,建設事務次官,http://www.mlit.go.jp/notice/noticedata/sgml/097/81000035/81000035.html,strong_accept: 建築基準法
建築基準法施行令の一部改正について,住指発第二六号,1969-03-03,,http://www.mlit.go.jp/notice/noticedata/sgml/097/81000036/81000036.html,strong_accept: 建築基準法
駐車場法施行令第一五条の認定基準について,建設省都再発第五三号,1968-10-16,建設省都市局長,http://www.mlit.go.jp/notice/noticedata/sgml/049/77000286/77000286.html,strong_accept: 駐車場法
耐火建築物等における火災による死傷事故の防止について,住指発第五三号,1968-03-08,,http://www.mlit.go.jp/notice/noticedata/sgml/097/81000032/81000032.html,strong_accept: 耐火
耐火建築物等における火災による死傷事故の防止について,住指発第五四号,1968-03-08,,http://www.mlit.go.jp/notice/noticedata/sgml/097/81000033/81000033.html,strong_accept: 耐火
土地区画整理組合貸付金について,計宅開発第二七号,1967-04-17,建設省計画局宅地部長,http://www.mlit.go.jp/notice/noticedata/sgml/043/77000103/77000103.html,strong_accept: 土地区画整理
国が事業費の一部を負担し、又は補助している土地区画整理事業における建築物等の移転及び除却に伴う損失補償の取扱いについて,建都区発第一三号,1966-04-30,都市局区画整理課長通知,http://www.mlit.go.jp/notice/noticedata/sgml/043/77000102/77000102.html,strong_accept: 土地区画整理
地階を除く階数が十一以上である建築物の屋上に設ける冷却塔設備の防火上支障のない構造方法、建築物の他の部分までの距離及び建築物の他の部分の温度を定める件,建設省告示第三千四百十一号,1965-12-18,国土交通省住宅局建築指導課,http://www.mlit.go.jp/notice/noticedata/pdf/201703/00006602.pdf,priority_accept_org: 建築指導課
建設業法及び宅地建物取引業法の適正な施行について,計発第二六八号,1965-07-02,建設省計画局長,http://www.mlit.go.jp/notice/noticedata/sgml/014/74000410/74000410.html,strong_accept: 建設業法
宅地造成等規制法施行令第十五条の規定に基づき、胴込めにコンクリートを用いて充填するコンクリートブロツク練積み造の擁壁を同令第八条の規定による練積み造の擁壁と同等以上の効力があると認めるもの,建設省告示第千四百八十五号,1965-06-14,建設省,http://www.mlit.go.jp/notice/noticedata/sgml/1965/26164000/26164000.html,strong_accept: 宅地造成
地方自治法及び同法施行令並びに建築基準法及び同法施行令の改正について,自治行第一号,1965-01-08,建設・自治事務次官,http://www.mlit.go.jp/notice/noticedata/sgml/097/81000029/81000029.html,strong_accept: 建築基準法
建築士法施行令及び建築基準法施行令の一部を改正する政令等の施行について,住指発第六二号,1964-04-20,,http://www.mlit.go.jp/notice/noticedata/sgml/097/81000027/81000027.html,strong_accept: 建築基準法 / strong_accept: 建築士法
用途地域の指定促進について,建都発第五一号,1964-04-17,,http://www.mlit.go.jp/notice/noticedata/sgml/097/81000026/81000026.html,strong_accept: 用途地域
建築基準法の一部を改正する法律等の施行について,発住第一八号,1964-02-11,,http://www.mlit.go.jp/notice/noticedata/sgml/097/81000024/81000024.html,strong_accept: 建築基準法
建築基準法施行令第百三十六条の五第二項の規定に基づく建築工事現場における落下物による危害を防止するための措置の基準,建設省告示第九十一号,1964-01-27,国土交通省住宅局建築指導課,http://www.mlit.go.jp/notice/noticedata/pdf/201703/00006601.pdf,priority_accept_org: 建築指導課
土地区画整理法及び同法施行令の一部改正について(土地区画整理組合貸付金貸付要領),建設省都発第二三一号,1963-08-19,建設省都市局長,http://www.mlit.go.jp/notice/noticedata/sgml/042/77000101/77000101.html,strong_accept: 土地区画整理
建設業法施行令第二十七条の五第一項第一号から第三号までに掲げる者と同等以上の学歴又は資格及び実務経験を有する者,建設省告示第二千七百五十五号,1962-11-01,建設省,http://www.mlit.go.jp/notice/noticedata/sgml/1962/26230000/26230000.html,strong_accept: 建設業法
建設業法施行令第二十七条の七の規定による二級の技術検定に合格した者について免除する一級の技術検定の実地試験,建設省告示第二千七百五十四号,1962-11-01,建設省,http://www.mlit.go.jp/notice/noticedata/sgml/1962/26234000/26234000.html,strong_accept: 建設業法
駐車場法及び同施行令の一部改正について,建設都発第二〇〇号,1962-08-20,建設省都市局長,http://www.mlit.go.jp/notice/noticedata/sgml/049/77000285/77000285.html,strong_accept: 駐車場法
宅地造成等規制法施行令第十八条第一号から第四号までに掲げる者と同等以上の知識及び経験を有する者,建設省告示第千五号,1962-03-29,建設省,http://www.mlit.go.jp/notice/noticedata/sgml/1962/26165000/26165000.html,strong_accept: 宅地造成
宅地造成等規制法の施行に伴う建築基準法の一部改正について,住発第五六号,1962-02-27,,http://www.mlit.go.jp/notice/noticedata/sgml/097/81000023/81000023.html,strong_accept: 建築基準法 / strong_accept: 宅地造成
建築基準法の一部を改正する法律及び建築基準法施行令等の一部を改正する政令の施行について,住発第二一号,1962-01-20,,http://www.mlit.go.jp/notice/noticedata/sgml/097/81000022/81000022.html,strong_accept: 建築基準法
建築基準法の一部を改正する法律及び建築基準法施行令等の一部を改正する政令の施行について,発住第二号,1962-01-20,,http://www.mlit.go.jp/notice/noticedata/sgml/096/81000021/81000021.html,strong_accept: 建築基準法
建築基準法の一部を改正する法律の公布について,住発第二三二号,1961-07-13,,http://www.mlit.go.jp/notice/noticedata/sgml/096/81000020/81000020.html,strong_accept: 建築基準法
建築基準法の一部を改正する法律の公布について,発住第四七号,1961-07-13,,http://www.mlit.go.jp/notice/noticedata/sgml/096/81000019/81000019.html,strong_accept: 建築基準法
土地区画整理法第一一九条の二に規定する公共施設管理者負担金の取扱いについて,建設省計発第一四六号,1961-05-15,建設省計画局長,http://www.mlit.go.jp/notice/noticedata/sgml/042/77000100/77000100.html,strong_accept: 土地区画整理
建設業法施行令第二十七条の五第二項第一号及び第二号に掲げる者と同等以上の学歴、資格又は実務の経験を有する者,建設省告示第二千二百七号,1960-10-13,建設省,http://www.mlit.go.jp/notice/noticedata/sgml/1960/26231000/26231000.html,strong_accept: 建設業法
建築基準法の一部を改正する法律の施行について,住発第二号,1960-01-05,,http://www.mlit.go.jp/notice/noticedata/sgml/096/81000016/81000016.html,strong_accept: 建築基準法
建築基準法の一部を改正する法律の公布について,住発第一六四号,1959-05-29,,http://www.mlit.go.jp/notice/noticedata/sgml/096/81000015/81000015.html,strong_accept: 建築基準法
建築基準法の一部を改正する法律の公布について,発住第一九号,1959-05-29,,http://www.mlit.go.jp/notice/noticedata/sgml/096/81000014/81000014.html,strong_accept: 建築基準法
建築基準法による建築確認事務と農地法による農地等の転用許可事務との連絡調整について,34地局第二四五八号,1959-05-14,,http://www.mlit.go.jp/notice/noticedata/sgml/096/81000013/81000013.html,strong_accept: 建築基準法 / strong_accept: 建築確認
駐車場法施行令第三条により路上駐車場において駐車料金を徴収することができない自動車,建設省告示第百三十六号,1958-01-31,建設省,http://www.mlit.go.jp/notice/noticedata/sgml/1958/21244000/21244000.html,strong_accept: 駐車場法
駐車場法の施行について,建設計発第二三号,1958-01-29,建設省計画局長,http://www.mlit.go.jp/notice/noticedata/sgml/049/77000284/77000284.html,strong_accept: 駐車場法
土地区画整理登記令による登記簿の記載例及び通知書の様式,計発第三七七号,1956-12-19,計画局長,http://www.mlit.go.jp/notice/noticedata/sgml/042/77000099/77000099.html,strong_accept: 土地区画整理
土地区画整理事業の施行に伴う登記申請書、申告書、届出書作成要領,計発第三七七号,1956-12-19,建設省計画局長,http://www.mlit.go.jp/notice/noticedata/sgml/042/77000098/77000098.html,strong_accept: 土地区画整理
土地区画整理事業の設計認可申請について,計発第一五四号,1956-06-26,建設省計画局長,http://www.mlit.go.jp/notice/noticedata/sgml/042/77000096/77000096.html,strong_accept: 土地区画整理
都市計画区域内における臨港地区の指定について,住指発第七一一号,1955-06-07,建設省住宅局建築指導課長通知,http://www.mlit.go.jp/notice/noticedata/sgml/096/81000012/81000012.html,priority_accept_org: 建築指導課
土地区画整理法の施行について,建設計発九三号,1955-04-04,建設省計画局長,http://www.mlit.go.jp/notice/noticedata/sgml/042/77000095/77000095.html,strong_accept: 土地区画整理
土地区画整理に伴い造成される駅前広場の取扱いについて,計発第一三一号,1953-08-31,建設省計画局長通ちよう,http://www.mlit.go.jp/notice/noticedata/sgml/042/77000094/77000094.html,strong_accept: 土地区画整理
防火地域指定について,建都発第六五一号,1952-06-17,,http://www.mlit.go.jp/notice/noticedata/sgml/096/81000011/81000011.html,strong_accept: 防火
建築基準法及び同法施行令の一部改正について,住発第二四八号,1952-05-30,,http://www.mlit.go.jp/notice/noticedata/sgml/096/81000010/81000010.html,strong_accept: 建築基準法
建築基準法及び同法施行令の一部改正について,住指第五二号,1952-05-29,,http://www.mlit.go.jp/notice/noticedata/sgml/096/81000009/81000009.html,strong_accept: 建築基準法
建築基準法に関連する建築士法の行政上の監督について,住発第二一七号,1952-05-13,建設省住宅局長,http://www.mlit.go.jp/notice/noticedata/sgml/106/81000299/81000299.html,strong_accept: 建築基準法 / strong_accept: 建築士法
建築基準法に関連する建築士法の行政上の監督について,住発第二一七号,1952-05-13,,http://www.mlit.go.jp/notice/noticedata/sgml/096/81000007/81000007.html,strong_accept: 建築基準法 / strong_accept: 建築士法
建築基準法施行規則の一部改正について,住発第一六二号,1952-03-31,,http://www.mlit.go.jp/notice/noticedata/sgml/096/81000006/81000006.html,strong_accept: 建築基準法
建築基準法第一八条に規定する国の建築物の場合の取扱方法について,発住第六七号の二,1950-11-16,,http://www.mlit.go.jp/notice/noticedata/sgml/096/81000004/81000004.html,strong_accept: 建築基準法
建築基準法の施行に伴う指示事項について,住発第六二九号,1950-10-31,,http://www.mlit.go.jp/notice/noticedata/sgml/096/81000003/81000003.html,strong_accept: 建築基準法
建築基準法の施行について,発住第六二号,1950-10-31,,http://www.mlit.go.jp/notice/noticedata/sgml/096/81000002/81000002.html,strong_accept: 建築基準法
「建築基準法の施行期日を定める政令」の公布に伴う都市計画地域地区に関する措置について,建都発第九〇〇号,1950-10-26,,http://www.mlit.go.jp/notice/noticedata/sgml/096/81000001/81000001.html,strong_accept: 建築基準法
建築士法及び建築士法施行令の施行について,住発第五四〇号,1950-08-11,建設省住宅局長,http://www.mlit.go.jp/notice/noticedata/sgml/106/81000297/81000297.html,strong_accept: 建築士法
